region,code,regex
加纳-移动-GT-Vodafone(Ghana)20,233,^0?20\d{7}$
加纳-移动-Glo23,233,^0?23\d{7}$
加纳-移动-MTN24,233,^0?24\d{7}$
加纳-移动-Airtel26,233,^0?26\d{7}$
加纳-移动-Millicom(Tigo)27,233,^0?27\d{7}$
加纳-移动-KasapaTelecomLtd28,233,^0?28\d{7}$
加纳-移动-GT-Vodafone(Ghana)50,233,^0?50\d{7}$
加纳-移动-MTN54,233,^0?54\d{7}$
加纳-移动-Millicom(Tigo)57,233,^0?57\d{7}$
加纳-GreaterAccra-Accra-固定电话,233,^0?302\d{6}$
加纳-GreaterAccra-Tema-固定电话,233,^0?303[0-46-9]\d{6}$
加纳-GreaterAccra-Ada-固定电话,233,^0?3035\d{5}$
加纳-GreaterAccra-未指定城市-固定电话,233,^0?307\d{6}$
加纳-Western-Takoradi-固定电话,233,^0?3120\d{5}$
加纳-Western-Axim-固定电话,233,^0?3121\d{5}$
加纳-Western-Elubo-固定电话,233,^0?3122\d{5}$
加纳-Western-Tarkwa-固定电话,233,^0?3123\d{5}$
加纳-Western-Asankragwa-固定电话,233,^0?3124\d{5}$
加纳-Western-Samreboi-固定电话,233,^0?3125\d{5}$
加纳-Western-Enchi-固定电话,233,^0?3126\d{5}$
加纳-Western-未指定城市-固定电话,233,^0?317\d{6}$
加纳-Ashanti-Kumasi-固定电话,233,^0?3220\d{5}$
加纳-Ashanti-Konongo-固定电话,233,^0?3221\d{5}$
加纳-Ashanti-AshantiMampong-固定电话,233,^0?3222\d{5}$
加纳-Ashanti-Ejura-固定电话,233,^0?3223\d{5}$
加纳-Ashanti-Bekwai-固定电话,233,^0?3224\d{5}$
加纳-Ashanti-Obuasi-固定电话,233,^0?3225\d{5}$
加纳-Ashanti-未指定城市-固定电话,233,^0?327\d{6}$
加纳-Central-Winneba-固定电话,233,^0?3320\d{5}$
加纳-Central-Swedru-固定电话,233,^0?3321\d{5}$
加纳-Central-CapeCoast-固定电话,233,^0?3322\d{5}$
加纳-Central-Dunkwa-固定电话,233,^0?3323\d{5}$
加纳-Central-未指定城市-固定电话,233,^0?337\d{6}$
加纳-Eastern-Akosombo-固定电话,233,^0?3420\d{5}$
加纳-Eastern-Koforidua-固定电话,233,^0?3421\d{5}$
加纳-Eastern-Nkawkaw-固定电话,233,^0?3423\d{5}$
加纳-Eastern-Mpraeso-固定电话,233,^0?3424\d{5}$
加纳-Eastern-Donkorkrom-固定电话,233,^0?3425\d{5}$
加纳-Eastern-Suhum-固定电话,233,^0?3426\d{5}$
加纳-Eastern-Asamankese-固定电话,233,^0?3427\d{5}$
加纳-Eastern-AkwapimMampong-固定电话,233,^0?3428\d{5}$
加纳-Eastern-Aburi-固定电话,233,^0?34292\d{4}$
加纳-Eastern-AkimOda-固定电话,233,^0?3430\d{5}$
加纳-Eastern-Nsawam-固定电话,233,^0?3431\d{5}$
加纳-Eastern-未指定城市-固定电话,233,^0?347\d{6}$
加纳-BrongAhafo-Sunyani-固定电话,233,^0?3520\d{5}$
加纳-BrongAhafo-Bechem-固定电话,233,^0?3521\d{5}$
加纳-BrongAhafo-Berekum-固定电话,233,^0?3522\d{5}$
加纳-BrongAhafo-DormaaAhenkro-固定电话,233,^0?3523\d{5}$
加纳-BrongAhafo-Wenchi-固定电话,233,^0?3524\d{5}$
加纳-BrongAhafo-Techiman-固定电话,233,^0?3525\d{5}$
加纳-BrongAhafo-Atebubu-固定电话,233,^0?3526\d{5}$
加纳-BrongAhafo-Yeji-固定电话,233,^0?3527\d{5}$
加纳-BrongAhafo-未指定城市-固定电话,233,^0?357\d{6}$
加纳-Volta-Keta&Akatsi-固定电话,233,^0?3620\d{5}$
加纳-Volta-Ho-固定电话,233,^0?3621\d{5}$
加纳-Volta-Hohoe-固定电话,233,^0?3623\d{5}$
加纳-Volta-Kpandu-固定电话,233,^0?3624\d{5}$
加纳-Volta-Kete-Krachi-固定电话,233,^0?3625\d{5}$
加纳-Volta-Denu/Aflao-固定电话,233,^0?3626\d{5}$
加纳-Volta-Amedzofe-固定电话,233,^0?3627\d{5}$
加纳-Volta-未指定城市-固定电话,233,^0?367\d{6}$
加纳-Northern-Salaga-固定电话,233,^0?3720\d{5}$
加纳-Northern-Tamale-固定电话,233,^0?3721\d{5}$
加纳-Northern-Walewale-固定电话,233,^0?3722\d{5}$
加纳-Northern-Buipe-固定电话,233,^0?3723\d{5}$
加纳-Northern-Damango-固定电话,233,^0?3724\d{5}$
加纳-Northern-Yendi-固定电话,233,^0?3725\d{5}$
加纳-Northern-Bole-固定电话,233,^0?3726\d{5}$
加纳-Northern-未指定城市-固定电话,233,^0?377\d{6}$
加纳-UpperEast-Bawku-固定电话,233,^0?3820\d{5}$
加纳-UpperEast-Bolgatanga-固定电话,233,^0?3821\d{5}$
加纳-UpperEast-Navrongo-固定电话,233,^0?3822\d{5}$
加纳-UpperEast-未指定城市-固定电话,233,^0?387\d{6}$
加纳-UpperWest-Wa-固定电话,233,^0?3920\d{5}$
加纳-UpperWest-未指定城市-固定电话,233,^0?397\d{6}$
尼日利亚-移动-AirtelNigeria701,234,^0?701\d{7}$
尼日利亚-移动-Visafone7025,234,^0?7025\d{6}$
尼日利亚-移动-Visafone7026,234,^0?7026\d{6}$
尼日利亚-移动-Starcomms7028,234,^0?7028\d{6}$
尼日利亚-移动-Starcomms7029,234,^0?7029\d{6}$
尼日利亚-移动-Multi-Links7027,234,^0?7027\d{6}$
尼日利亚-移动-MTNNigeria703,234,^0?703\d{7}$
尼日利亚-移动-Visafone704,234,^0?704\d{7}$
尼日利亚-移动-Globacom705,234,^0?705\d{7}$
尼日利亚-移动-MTNNigeria706,234,^0?706\d{7}$
尼日利亚-移动-ZoomMobile707,234,^0?707\d{7}$
尼日利亚-移动-AirtelNigeria708,234,^0?708\d{7}$
尼日利亚-移动-Multi-Links709,234,^0?709\d{7}$
尼日利亚-移动-AirtelNigeria802,234,^0?802\d{7}$
尼日利亚-移动-MTNNigeria803,234,^0?803\d{7}$
尼日利亚-移动-MTEL804,234,^0?804\d{7}$
尼日利亚-移动-Globacom805,234,^0?805\d{7}$
尼日利亚-移动-MTNNigeria806,234,^0?806\d{7}$
尼日利亚-移动-Globacom807,234,^0?807\d{7}$
尼日利亚-移动-AirtelNigeria808,234,^0?808\d{7}$
尼日利亚-移动-EtisalatNigeria809,234,^0?809\d{7}$
尼日利亚-移动-MTNNigeria810,234,^0?810\d{7}$
尼日利亚-移动-Globacom811,234,^0?811\d{7}$
尼日利亚-移动-AirtelNigeria812,234,^0?812\d{7}$
尼日利亚-移动-MTNNigeria813,234,^0?813\d{7}$
尼日利亚-移动-MTNNigeria814,234,^0?814\d{7}$
尼日利亚-移动-Globacom815,234,^0?815\d{7}$
尼日利亚-移动-MTNNigeria816,234,^0?816\d{7}$
尼日利亚-移动-EtisalatNigeria817,234,^0?817\d{7}$
尼日利亚-移动-EtisalatNigeria818,234,^0?818\d{7}$
尼日利亚-移动-Starcomms819,234,^0?819\d{7}$
尼日利亚-阿巴-固定电话,234,"^0?82\d{5,7}$"
尼日利亚-阿巴卡利基-固定电话,234,"^0?43\d{5,7}$"
尼日利亚-阿贝奥库塔-固定电话,234,"^0?39\d{5,7}$"
尼日利亚-阿布贾-固定电话,234,"^0?9\d{5,7}$"
尼日利亚-阿多-埃基蒂-固定电话,234,"^0?30\d{5,7}$"
尼日利亚-阿博尔-固定电话,234,"^0?55\d{5,7}$"
尼日利亚-阿华达-固定电话,234,"^0?86\d{5,7}$"
尼日利亚-阿库雷-固定电话,234,"^0?34\d{5,7}$"
尼日利亚-阿萨巴-固定电话,234,"^0?56\d{5,7}$"
尼日利亚-奥奇-固定电话,234,"^0?57\d{5,7}$"
尼日利亚-奥卡-固定电话,234,"^0?48\d{5,7}$"
尼日利亚-阿扎雷-固定电话,234,"^0?71\d{5,7}$"
尼日利亚-巴达格里-固定电话,234,"^0?1\d{5,7}$"
尼日利亚-包奇-固定电话,234,"^0?77\d{5,7}$"
尼日利亚-贝宁-固定电话,234,"^0?52\d{5,7}$"
尼日利亚-比尔宁凯比-固定电话,234,"^0?68\d{5,7}$"
尼日利亚-卡拉巴尔-固定电话,234,"^0?87\d{5,7}$"
尼日利亚-达马图鲁-固定电话,234,"^0?74\d{5,7}$"
尼日利亚-埃多-固定电话,234,"^0?52\d{5,7}$"
尼日利亚-埃努古-固定电话,234,"^0?42\d{5,7}$"
尼日利亚-贡贝-固定电话,234,"^0?72\d{5,7}$"
尼日利亚-古绍-固定电话,234,"^0?63\d{5,7}$"
尼日利亚-哈代贾-固定电话,234,"^0?78\d{5,7}$"
尼日利亚-伊巴丹-固定电话,234,"^0?2\d{5,7}$"
尼日利亚-伊杰颂-固定电话,234,"^0?37\d{5,7}$"
尼日利亚-伊卡雷-固定电话,234,"^0?50\d{5,7}$"
尼日利亚-伊费-固定电话,234,"^0?36\d{5,7}$"
尼日利亚-伊洛林-固定电话,234,"^0?31\d{5,7}$"
尼日利亚-扎里亚-固定电话,234,"^0?79\d{5,7}$"
尼日利亚-乔斯-固定电话,234,"^0?73\d{5,7}$"
尼日利亚-卡杜纳-固定电话,234,"^0?62\d{5,7}$"
尼日利亚-Kafanchau-固定电话,234,"^0?61\d{5,7}$"
尼日利亚-卡诺-固定电话,234,"^0?64\d{5,7}$"
尼日利亚-卡齐纳-固定电话,234,"^0?65\d{5,7}$"
尼日利亚-孔塔戈拉-固定电话,234,"^0?67\d{5,7}$"
尼日利亚-拉菲亚-固定电话,234,"^0?47\d{5,7}$"
尼日利亚-拉各斯-固定电话,234,"^0?1\d{5,7}$"
尼日利亚-洛科贾-固定电话,234,"^0?58\d{5,7}$"
尼日利亚-迈杜古里-固定电话,234,"^0?76\d{5,7}$"
尼日利亚-马库尔迪-固定电话,234,"^0?44\d{5,7}$"
尼日利亚-明纳-固定电话,234,"^0?66\d{5,7}$"
尼日利亚-新布萨-固定电话,234,"^0?33\d{5,7}$"
尼日利亚-尼日尔州-固定电话,234,"^0?66\d{5,7}$"
尼日利亚-奥戈贾-固定电话,234,"^0?45\d{5,7}$"
尼日利亚-奥基蒂普帕-固定电话,234,"^0?59\d{5,7}$"
尼日利亚-奥尼查-固定电话,234,"^0?46\d{5,7}$"
尼日利亚-奥绍博-固定电话,234,"^0?35\d{5,7}$"
尼日利亚-奥韦里-固定电话,234,"^0?83\d{5,7}$"
尼日利亚-奥沃-固定电话,234,"^0?51\d{5,7}$"
尼日利亚-奥约-固定电话,234,"^0?38\d{5,7}$"
尼日利亚-潘克欣-固定电话,234,"^0?70\d{5,7}$"
尼日利亚-哈尔科特港-固定电话,234,"^0?84\d{5,7}$"
尼日利亚-萨佩莱-固定电话,234,"^0?54\d{5,7}$"
尼日利亚-索科托-固定电话,234,"^0?60\d{5,7}$"
尼日利亚-乌穆阿希亚-固定电话,234,"^0?88\d{5,7}$"
尼日利亚-乌约-固定电话,234,"^0?85\d{5,7}$"
尼日利亚-瓦里-固定电话,234,"^0?53\d{5,7}$"
尼日利亚-武卡里-固定电话,234,"^0?41\d{5,7}$"
尼日利亚-耶诺亚-固定电话,234,"^0?89\d{5,7}$"
尼日利亚-约拉-固定电话,234,"^0?75\d{5,7}$"
尼日利亚-扎里亚-固定电话,234,"^0?69\d{5,7}$"
巴西-圣保罗州-圣保罗大都会区-固定电话,55,^0?11\d{8}$
巴西-圣保罗州-圣保罗大都会区-移动电话,55,^0?119\d{8}$
巴西-圣保罗州-帕拉伊巴谷-固定电话,55,^0?12\d{8}$
巴西-圣保罗州-帕拉伊巴谷-移动电话,55,^0?129\d{8}$
巴西-圣保罗州-桑托斯大都会区-固定电话,55,^0?13\d{8}$
巴西-圣保罗州-桑托斯大都会区-移动电话,55,^0?139\d{8}$
巴西-圣保罗州-中部-固定电话,55,^0?14\d{8}$
巴西-圣保罗州-中部-移动电话,55,^0?149\d{8}$
巴西-圣保罗州-西南-固定电话,55,^0?15\d{8}$
巴西-圣保罗州-西南-移动电话,55,^0?159\d{8}$
巴西-圣保罗州-东北-固定电话,55,^0?16\d{8}$
巴西-圣保罗州-东北-移动电话,55,^0?169\d{8}$
巴西-圣保罗州-西北-固定电话,55,^0?17\d{8}$
巴西-圣保罗州-西北-移动电话,55,^0?179\d{8}$
巴西-圣保罗州-西部-固定电话,55,^0?18\d{8}$
巴西-圣保罗州-西部-移动电话,55,^0?189\d{8}$
巴西-圣保罗州-中南-固定电话,55,^0?19\d{8}$
巴西-圣保罗州-中南-移动电话,55,^0?199\d{8}$
巴西-里约热内卢州-里约热内卢大都会区-固定电话,55,^0?21\d{8}$
巴西-里约热内卢州-里约热内卢大都会区-移动电话,55,^0?219\d{8}$
巴西-里约热内卢州-东部和北部-固定电话,55,^0?22\d{8}$
巴西-里约热内卢州-东部和北部-移动电话,55,^0?229\d{8}$
巴西-里约热内卢州-西部-固定电话,55,^0?24\d{8}$
巴西-里约热内卢州-西部-移动电话,55,^0?249\d{8}$
巴西-圣埃斯皮里图州-中部和北部-固定电话,55,^0?27\d{8}$
巴西-圣埃斯皮里图州-中部和北部-移动电话,55,^0?279\d{8}$
巴西-圣埃斯皮里图州-南部-固定电话,55,^0?28\d{8}$
巴西-圣埃斯皮里图州-南部-移动电话,55,^0?289\d{8}$
巴西-米纳斯吉拉斯州-中部-固定电话,55,^0?31\d{8}$
巴西-米纳斯吉拉斯州-中部-移动电话,55,^0?319\d{8}$
巴西-米纳斯吉拉斯州-东南-固定电话,55,^0?32\d{8}$
巴西-米纳斯吉拉斯州-东南-移动电话,55,^0?329\d{8}$
巴西-米纳斯吉拉斯州-东部和东北-固定电话,55,^0?33\d{8}$
巴西-米纳斯吉拉斯州-东部和东北-移动电话,55,^0?339\d{8}$
巴西-米纳斯吉拉斯州-西部-固定电话,55,^0?34\d{8}$
巴西-米纳斯吉拉斯州-西部-移动电话,55,^0?349\d{8}$
巴西-米纳斯吉拉斯州-西南-固定电话,55,^0?35\d{8}$
巴西-米纳斯吉拉斯州-西南-移动电话,55,^0?359\d{8}$
巴西-米纳斯吉拉斯州-中西部-固定电话,55,^0?37\d{8}$
巴西-米纳斯吉拉斯州-中西部-移动电话,55,^0?379\d{8}$
巴西-米纳斯吉拉斯州-北部-固定电话,55,^0?38\d{8}$
巴西-米纳斯吉拉斯州-北部-移动电话,55,^0?389\d{8}$
巴西-巴拉那州-库里奇巴大都会区-固定电话,55,^0?41\d{8}$
巴西-巴拉那州-库里奇巴大都会区-移动电话,55,^0?419\d{8}$
巴西-巴拉那州-中南部-固定电话,55,^0?42\d{8}$
巴西-巴拉那州-中南部-移动电话,55,^0?429\d{8}$
巴西-巴拉那州-东北-固定电话,55,^0?43\d{8}$
巴西-巴拉那州-东北-移动电话,55,^0?439\d{8}$
巴西-巴拉那州-西北-固定电话,55,^0?44\d{8}$
巴西-巴拉那州-西北-移动电话,55,^0?449\d{8}$
巴西-巴拉那州-西部-固定电话,55,^0?45\d{8}$
巴西-巴拉那州-西部-移动电话,55,^0?459\d{8}$
巴西-巴拉那州-西南-固定电话,55,^0?46\d{8}$
巴西-巴拉那州-西南-移动电话,55,^0?469\d{8}$
巴西-圣卡塔琳娜州-东北-固定电话,55,^0?47\d{8}$
巴西-圣卡塔琳娜州-东北-移动电话,55,^0?479\d{8}$
巴西-圣卡塔琳娜州-弗洛里亚诺波利斯大都会区-固定电话,55,^0?48\d{8}$
巴西-圣卡塔琳娜州-弗洛里亚诺波利斯大都会区-移动电话,55,^0?489\d{8}$
巴西-圣卡塔琳娜州-中部和西部-固定电话,55,^0?49\d{8}$
巴西-圣卡塔琳娜州-中部和西部-移动电话,55,^0?499\d{8}$
巴西-南里奥格兰德州-阿雷格里港大都会区-固定电话,55,^0?51\d{8}$
巴西-南里奥格兰德州-阿雷格里港大都会区-移动电话,55,^0?519\d{8}$
巴西-南里奥格兰德州-南部-固定电话,55,^0?53\d{8}$
巴西-南里奥格兰德州-南部-移动电话,55,^0?539\d{8}$
巴西-南里奥格兰德州-北部-固定电话,55,^0?54\d{8}$
巴西-南里奥格兰德州-北部-移动电话,55,^0?549\d{8}$
巴西-南里奥格兰德州-中西部和西北-固定电话,55,^0?55\d{8}$
巴西-南里奥格兰德州-中西部和西北-移动电话,55,^0?559\d{8}$
巴西-联邦区-巴西利亚及周边-固定电话,55,^0?61\d{8}$
巴西-联邦区-巴西利亚及周边-移动电话,55,^0?619\d{8}$
巴西-戈亚斯州-中部和北部-固定电话,55,^0?62\d{8}$
巴西-戈亚斯州-中部和北部-移动电话,55,^0?629\d{8}$
巴西-戈亚斯州-南部和西部-固定电话,55,^0?64\d{8}$
巴西-戈亚斯州-南部和西部-移动电话,55,^0?649\d{8}$
巴西-托坎廷斯州-全州-固定电话,55,^0?63\d{8}$
巴西-托坎廷斯州-全州-移动电话,55,^0?639\d{8}$
巴西-马托格罗索州-西南-固定电话,55,^0?65\d{8}$
巴西-马托格罗索州-西南-移动电话,55,^0?659\d{8}$
巴西-马托格罗索州-东部和北部-固定电话,55,^0?66\d{8}$
巴西-马托格罗索州-东部和北部-移动电话,55,^0?669\d{8}$
巴西-南马托格罗索州-全州-固定电话,55,^0?67\d{8}$
巴西-南马托格罗索州-全州-移动电话,55,^0?679\d{8}$
巴西-阿克雷州-全州-固定电话,55,^0?68\d{8}$
巴西-阿克雷州-全州-移动电话,55,^0?689\d{8}$
巴西-朗多尼亚州-全州-固定电话,55,^0?69\d{8}$
巴西-朗多尼亚州-全州-移动电话,55,^0?699\d{8}$
巴西-巴伊亚州-萨尔瓦多大都会区-固定电话,55,^0?71\d{8}$
巴西-巴伊亚州-萨尔瓦多大都会区-移动电话,55,^0?719\d{8}$
巴西-巴伊亚州-南部-固定电话,55,^0?73\d{8}$
巴西-巴伊亚州-南部-移动电话,55,^0?739\d{8}$
巴西-巴伊亚州-西北-固定电话,55,^0?74\d{8}$
巴西-巴伊亚州-西北-移动电话,55,^0?749\d{8}$
巴西-巴伊亚州-东北-固定电话,55,^0?75\d{8}$
巴西-巴伊亚州-东北-移动电话,55,^0?759\d{8}$
巴西-巴伊亚州-西南和西部-固定电话,55,^0?77\d{8}$
巴西-巴伊亚州-西南和西部-移动电话,55,^0?779\d{8}$
巴西-塞尔希培州-全州-固定电话,55,^0?79\d{8}$
巴西-塞尔希培州-全州-移动电话,55,^0?799\d{8}$
巴西-皮奥伊州-东部-固定电话,55,^0?80\d{8}$
巴西-伯南布哥州-东部-固定电话,55,^0?81\d{8}$
巴西-伯南布哥州-东部-移动电话,55,^0?819\d{8}$
巴西-伯南布哥州-中部和西部-固定电话,55,^0?87\d{8}$
巴西-伯南布哥州-中部和西部-移动电话,55,^0?879\d{8}$
巴西-阿拉戈斯州-全州-固定电话,55,^0?82\d{8}$
巴西-阿拉戈斯州-全州-移动电话,55,^0?829\d{8}$
巴西-帕拉伊巴州-全州-固定电话,55,^0?83\d{8}$
巴西-帕拉伊巴州-全州-移动电话,55,^0?839\d{8}$
巴西-北里奥格兰德州-全州-固定电话,55,^0?84\d{8}$
巴西-北里奥格兰德州-全州-移动电话,55,^0?849\d{8}$
巴西-塞阿拉州-福塔莱萨大都会区-固定电话,55,^0?85\d{8}$
巴西-塞阿拉州-福塔莱萨大都会区-移动电话,55,^0?859\d{8}$
巴西-塞阿拉州-中西部和南部-固定电话,55,^0?88\d{8}$
巴西-塞阿拉州-中西部和南部-移动电话,55,^0?889\d{8}$
巴西-皮奥伊州-北部-固定电话,55,^0?86\d{8}$
巴西-皮奥伊州-北部-移动电话,55,^0?869\d{8}$
巴西-皮奥伊州-中部和南部-固定电话,55,^0?89\d{8}$
巴西-皮奥伊州-中部和南部-移动电话,55,^0?899\d{8}$
巴西-帕拉州-东北-固定电话,55,^0?91\d{8}$
巴西-帕拉州-东北-移动电话,55,^0?919\d{8}$
巴西-帕拉州-中部和西部-固定电话,55,^0?93\d{8}$
巴西-帕拉州-中部和西部-移动电话,55,^0?939\d{8}$
巴西-帕拉州-东南-固定电话,55,^0?94\d{8}$
巴西-帕拉州-东南-移动电话,55,^0?949\d{8}$
巴西-亚马逊州-东北-固定电话,55,^0?92\d{8}$
巴西-亚马逊州-东北-移动电话,55,^0?929\d{8}$
巴西-亚马逊州-中南部和西部-固定电话,55,^0?97\d{8}$
巴西-亚马逊州-中南部和西部-移动电话,55,^0?979\d{8}$
巴西-罗赖马州-全州-固定电话,55,^0?95\d{8}$
巴西-罗赖马州-全州-移动电话,55,^0?959\d{8}$
巴西-阿马帕州-全州-固定电话,55,^0?96\d{8}$
巴西-阿马帕州-全州-移动电话,55,^0?969\d{8}$
巴西-马拉尼昂州-北部-固定电话,55,^0?98\d{8}$
巴西-马拉尼昂州-北部-移动电话,55,^0?989\d{8}$
巴西-马拉尼昂州-中部和南部-固定电话,55,^0?99\d{8}$
巴西-马拉尼昂州-中部和南部-移动电话,55,^0?999\d{8}$
阿根廷-布宜诺斯艾利斯-固定电话,54,^0?11\d{8}$
阿根廷-布宜诺斯艾利斯-移动电话,54,^0?1115\d{8}$
阿根廷-Acebal-固定电话,54,^0?3469\d{6}$
阿根廷-Acebal-移动电话,54,^0?346915\d{6}$
阿根廷-AdeliaMaria-固定电话,54,^0?3585\d{6}$
阿根廷-AdeliaMaria-移动电话,54,^0?358515\d{6}$
阿根廷-艾莫加斯塔-固定电话,54,^0?3827\d{6}$
阿根廷-艾莫加斯塔-移动电话,54,^0?382715\d{6}$
阿根廷-Alcaraz-固定电话,54,^0?3438\d{6}$
阿根廷-Alcaraz-移动电话,54,^0?343815\d{6}$
阿根廷-AlejandroKorn-固定电话,54,^0?2225\d{6}$
阿根廷-AlejandroKorn-移动电话,54,^0?222515\d{6}$
阿根廷-上格拉西亚-固定电话,54,^0?3547\d{6}$
阿根廷-上格拉西亚-移动电话,54,^0?354715\d{6}$
阿根廷-AmaichaDelValle-固定电话,54,^0?3892\d{6}$
阿根廷-AmaichaDelValle-移动电话,54,^0?389215\d{6}$
阿根廷-America-固定电话,54,^0?2337\d{6}$
阿根廷-America-移动电话,54,^0?233715\d{6}$
阿根廷-阿尼亚图亚-固定电话,54,^0?3844\d{6}$
阿根廷-阿尼亚图亚-移动电话,54,^0?384415\d{6}$
阿根廷-安达尔加拉-固定电话,54,^0?3835\d{6}$
阿根廷-安达尔加拉-移动电话,54,^0?383515\d{6}$
阿根廷-阿波斯托莱斯-固定电话,54,^0?3758\d{6}$
阿根廷-阿波斯托莱斯-移动电话,54,^0?375815\d{6}$
阿根廷-Argüello-固定电话,54,^0?3543\d{6}$
阿根廷-Argüello-移动电话,54,^0?354315\d{6}$
阿根廷-阿雷西费斯-固定电话,54,^0?2478\d{6}$
阿根廷-阿雷西费斯-移动电话,54,^0?247815\d{6}$
阿根廷-阿罗伊托(科尔多瓦省)-固定电话,54,^0?3576\d{6}$
阿根廷-阿罗伊托(科尔多瓦省)-移动电话,54,^0?357615\d{6}$
阿根廷-阿罗约塞科-固定电话,54,^0?3402\d{6}$
阿根廷-阿罗约塞科-移动电话,54,^0?340215\d{6}$
阿根廷-阿亚库乔-固定电话,54,^0?2296\d{6}$
阿根廷-阿亚库乔-移动电话,54,^0?229615\d{6}$
阿根廷-阿苏尔-固定电话,54,^0?2281\d{6}$
阿根廷-阿苏尔-移动电话,54,^0?228115\d{6}$
阿根廷-布兰卡港-固定电话,54,^0?291\d{7}$
阿根廷-布兰卡港-移动电话,54,^0?29115\d{7}$
阿根廷-巴尔卡塞-固定电话,54,^0?2266\d{6}$
阿根廷-巴尔卡塞-移动电话,54,^0?226615\d{6}$
阿根廷-巴尔内阿里亚-固定电话,54,^0?3563\d{6}$
阿根廷-巴尔内阿里亚-移动电话,54,^0?356315\d{6}$
阿根廷-班德拉-固定电话,54,^0?3857\d{6}$
阿根廷-班德拉-移动电话,54,^0?385715\d{6}$
阿根廷-巴兰卡斯(圣菲省)-固定电话,54,^0?3466\d{6}$
阿根廷-巴兰卡斯(圣菲省)-移动电话,54,^0?346615\d{6}$
阿根廷-Barreal-固定电话,54,^0?2648\d{6}$
阿根廷-Barreal-移动电话,54,^0?264815\d{6}$
阿根廷-贝尔维尔-固定电话,54,^0?3537\d{6}$
阿根廷-贝尔维尔-移动电话,54,^0?353715\d{6}$
阿根廷-贝尼托华雷斯-固定电话,54,^0?2292\d{6}$
阿根廷-贝尼托华雷斯-移动电话,54,^0?229215\d{6}$
阿根廷-贝尔纳多德伊里戈延-固定电话,54,^0?3741\d{6}$
阿根廷-贝尔纳多德伊里戈延-移动电话,54,^0?374115\d{6}$
阿根廷-圣卡洛斯德玻利瓦尔镇-固定电话,54,^0?2314\d{6}$
阿根廷-圣卡洛斯德玻利瓦尔镇-移动电话,54,^0?231415\d{6}$
阿根廷-Bouchard-固定电话,54,^0?3387\d{6}$
阿根廷-Bouchard-移动电话,54,^0?338715\d{6}$
阿根廷-布拉加多-固定电话,54,^0?2342\d{6}$
阿根廷-布拉加多-移动电话,54,^0?234215\d{6}$
阿根廷-布埃纳埃斯佩兰萨-固定电话,54,^0?2658\d{6}$
阿根廷-布埃纳埃斯佩兰萨-移动电话,54,^0?265815\d{6}$
阿根廷-布鲁亚库-固定电话,54,^0?3894\d{6}$
阿根廷-布鲁亚库-移动电话,54,^0?389415\d{6}$
阿根廷-卡阿卡蒂-固定电话,54,^0?3781\d{6}$
阿根廷-卡阿卡蒂-移动电话,54,^0?378115\d{6}$
阿根廷-卡法亚特-固定电话,54,^0?3868\d{6}$
阿根廷-卡法亚特-移动电话,54,^0?386815\d{6}$
阿根廷-Caleufu-固定电话,54,^0?2335\d{6}$
阿根廷-Caleufu-移动电话,54,^0?233515\d{6}$
阿根廷-坎帕纳-固定电话,54,^0?3489\d{6}$
阿根廷-坎帕纳-移动电话,54,^0?348915\d{6}$
阿根廷-坎波加略-固定电话,54,^0?3846\d{6}$
阿根廷-坎波加略-移动电话,54,^0?384615\d{6}$
阿根廷-卡尼亚达德戈梅斯-固定电话,54,^0?3471\d{6}$
阿根廷-卡尼亚达德戈梅斯-移动电话,54,^0?347115\d{6}$
阿根廷-卡纳尔斯-固定电话,54,^0?3463\d{6}$
阿根廷-卡纳尔斯-移动电话,54,^0?346315\d{6}$
阿根廷-Cañuelas-固定电话,54,^0?2226\d{6}$
阿根廷-Cañuelas-移动电话,54,^0?222615\d{6}$
阿根廷-Carhue-固定电话,54,^0?2936\d{6}$
阿根廷-Carhue-移动电话,54,^0?293615\d{6}$
阿根廷-卡洛斯卡萨雷斯-固定电话,54,^0?2395\d{6}$
阿根廷-卡洛斯卡萨雷斯-移动电话,54,^0?239515\d{6}$
阿根廷-CarlosSpegazzini-固定电话,54,^0?2274\d{6}$
阿根廷-CarlosSpegazzini-移动电话,54,^0?227415\d{6}$
阿根廷-CarlosTejedor-固定电话,54,^0?2357\d{6}$
阿根廷-CarlosTejedor-移动电话,54,^0?235715\d{6}$
阿根廷-CarmenDeAreco-固定电话,54,^0?2273\d{6}$
阿根廷-CarmenDeAreco-移动电话,54,^0?227315\d{6}$
阿根廷-卡西尔达-固定电话,54,^0?3464\d{6}$
阿根廷-卡西尔达-移动电话,54,^0?346415\d{6}$
阿根廷-卡塔马卡-固定电话,54,^0?383\d{7}$
阿根廷-卡塔马卡-移动电话,54,^0?38315\d{7}$
阿根廷-Ceres-固定电话,54,^0?3491\d{6}$
阿根廷-Ceres-移动电话,54,^0?349115\d{6}$
阿根廷-查卡布科-固定电话,54,^0?2352\d{6}$
阿根廷-查卡布科-移动电话,54,^0?235215\d{6}$
阿根廷-Chajari-固定电话,54,^0?3456\d{6}$
阿根廷-Chajari-移动电话,54,^0?345615\d{6}$
阿根廷-查马卡尔-固定电话,54,^0?3826\d{6}$
阿根廷-查马卡尔-移动电话,54,^0?382615\d{6}$
阿根廷-查拉代-固定电话,54,^0?3721\d{6}$
阿根廷-查拉代-移动电话,54,^0?372115\d{6}$
阿根廷-查拉塔-固定电话,54,^0?3731\d{6}$
阿根廷-查拉塔-移动电话,54,^0?373115\d{6}$
阿根廷-查斯科穆斯-固定电话,54,^0?2241\d{6}$
阿根廷-查斯科穆斯-移动电话,54,^0?224115\d{6}$
阿根廷-切佩斯-固定电话,54,^0?3821\d{6}$
阿根廷-切佩斯-移动电话,54,^0?382115\d{6}$
阿根廷-奇莱西托-固定电话,54,^0?3825\d{6}$
阿根廷-奇莱西托-移动电话,54,^0?382515\d{6}$
阿根廷-奇维尔科伊-固定电话,54,^0?2346\d{6}$
阿根廷-奇维尔科伊-移动电话,54,^0?234615\d{6}$
阿根廷-乔埃莱乔埃尔-固定电话,54,^0?2946\d{6}$
阿根廷-乔埃莱乔埃尔-移动电话,54,^0?294615\d{6}$
阿根廷-乔斯马拉尔-固定电话,54,^0?2948\d{6}$
阿根廷-乔斯马拉尔-移动电话,54,^0?294815\d{6}$
阿根廷-特雷利乌,罗森-固定电话,54,^0?280\d{7}$
阿根廷-特雷利乌,罗森-移动电话,54,^0?28015\d{7}$
阿根廷-Claromeco-固定电话,54,^0?2982\d{6}$
阿根廷-Claromeco-移动电话,54,^0?298215\d{6}$
阿根廷-克洛林达-固定电话,54,^0?3718\d{6}$
阿根廷-克洛林达-移动电话,54,^0?371815\d{6}$
阿根廷-科隆(布宜诺斯艾利斯省)-固定电话,54,^0?2473\d{6}$
阿根廷-科隆(布宜诺斯艾利斯省)-移动电话,54,^0?247315\d{6}$
阿根廷-科隆(恩特雷里奥斯省)-固定电话,54,^0?3447\d{6}$
阿根廷-科隆(恩特雷里奥斯省)-移动电话,54,^0?344715\d{6}$
阿根廷-丰塔纳少校镇-固定电话,54,^0?3716\d{6}$
阿根廷-丰塔纳少校镇-移动电话,54,^0?371615\d{6}$
阿根廷-里瓦达维亚海军准将城-固定电话,54,^0?297\d{7}$
阿根廷-里瓦达维亚海军准将城-移动电话,54,^0?29715\d{7}$
阿根廷-康塞普西翁(图库曼省)-固定电话,54,^0?3865\d{6}$
阿根廷-康塞普西翁(图库曼省)-移动电话,54,^0?386515\d{6}$
阿根廷-乌拉圭河畔康塞普西翁-固定电话,54,^0?3442\d{6}$
阿根廷-乌拉圭河畔康塞普西翁-移动电话,54,^0?344215\d{6}$
阿根廷-康科迪亚-固定电话,54,^0?345\d{7}$
阿根廷-康科迪亚-移动电话,54,^0?34515\d{7}$
阿根廷-科尔多瓦-固定电话,54,^0?351\d{7}$
阿根廷-科尔多瓦-移动电话,54,^0?35115\d{7}$
阿根廷-布兰森上校镇-固定电话,54,^0?2223\d{6}$
阿根廷-布兰森上校镇-移动电话,54,^0?222315\d{6}$
阿根廷-多雷戈上校镇-固定电话,54,^0?2921\d{6}$
阿根廷-多雷戈上校镇-移动电话,54,^0?292115\d{6}$
阿根廷-莫尔德斯上校镇(科尔多瓦省)-固定电话,54,^0?3582\d{6}$
阿根廷-莫尔德斯上校镇(科尔多瓦省)-移动电话,54,^0?358215\d{6}$
阿根廷-普林格莱斯上校城-固定电话,54,^0?2922\d{6}$
阿根廷-普林格莱斯上校城-移动电话,54,^0?292215\d{6}$
阿根廷-苏亚雷斯上校镇-固定电话,54,^0?2926\d{6}$
阿根廷-苏亚雷斯上校镇-移动电话,54,^0?292615\d{6}$
阿根廷-比达尔上校镇-固定电话,54,^0?2265\d{6}$
阿根廷-比达尔上校镇-移动电话,54,^0?226515\d{6}$
阿根廷-CorralDeBustos-固定电话,54,^0?3468\d{6}$
阿根廷-CorralDeBustos-移动电话,54,^0?346815\d{6}$
阿根廷-科连特斯-固定电话,54,^0?379\d{7}$
阿根廷-科连特斯-移动电话,54,^0?37915\d{7}$
阿根廷-克鲁斯德尔埃赫-固定电话,54,^0?3549\d{6}$
阿根廷-克鲁斯德尔埃赫-移动电话,54,^0?354915\d{6}$
阿根廷-库鲁苏夸蒂亚-固定电话,54,^0?3774\d{6}$
阿根廷-库鲁苏夸蒂亚-移动电话,54,^0?377415\d{6}$
阿根廷-Daireaux-固定电话,54,^0?2316\d{6}$
阿根廷-Daireaux-移动电话,54,^0?231615\d{6}$
阿根廷-Darregueira-固定电话,54,^0?2924\d{6}$
阿根廷-Darregueira-移动电话,54,^0?292415\d{6}$
阿根廷-德安富内斯-固定电话,54,^0?3521\d{6}$
阿根廷-德安富内斯-移动电话,54,^0?352115\d{6}$
阿根廷-多洛雷斯(布宜诺斯艾利斯省)-固定电话,54,^0?2245\d{6}$
阿根廷-多洛雷斯(布宜诺斯艾利斯省)-移动电话,54,^0?224515\d{6}$
阿根廷-埃杜阿多卡斯特斯-固定电话,54,^0?2334\d{6}$
阿根廷-埃杜阿多卡斯特斯-移动电话,54,^0?233415\d{6}$
阿根廷-ElTrebol-固定电话,54,^0?3401\d{6}$
阿根廷-ElTrebol-移动电话,54,^0?340115\d{6}$
阿根廷-埃尔多拉多-固定电话,54,^0?3751\d{6}$
阿根廷-埃尔多拉多-移动电话,54,^0?375115\d{6}$
阿根廷-Escobar-固定电话,54,^0?348\d{7}$
阿根廷-Escobar-移动电话,54,^0?34815\d{7}$
阿根廷-埃斯佩兰萨(圣菲省)-固定电话,54,^0?3496\d{6}$
阿根廷-埃斯佩兰萨(圣菲省)-移动电话,54,^0?349615\d{6}$
阿根廷-埃斯克尔-固定电话,54,^0?2945\d{6}$
阿根廷-埃斯克尔-移动电话,54,^0?294515\d{6}$
阿根廷-Federal-固定电话,54,^0?3454\d{6}$
阿根廷-Federal-移动电话,54,^0?345415\d{6}$
阿根廷-Firmat-固定电话,54,^0?3465\d{6}$
阿根廷-Firmat-移动电话,54,^0?346515\d{6}$
阿根廷-福莫萨-固定电话,54,^0?370\d{7}$
阿根廷-福莫萨-移动电话,54,^0?37015\d{7}$
阿根廷-弗里亚斯-固定电话,54,^0?3854\d{6}$
阿根廷-弗里亚斯-移动电话,54,^0?385415\d{6}$
阿根廷-加尔韦斯-固定电话,54,^0?3404\d{6}$
阿根廷-加尔韦斯-移动电话,54,^0?340415\d{6}$
阿根廷-阿查将军镇-固定电话,54,^0?2952\d{6}$
阿根廷-阿查将军镇-移动电话,54,^0?295215\d{6}$
阿根廷-阿尔韦亚尔将军镇(门多萨省)-固定电话,54,^0?2625\d{6}$
阿根廷-阿尔韦亚尔将军镇(门多萨省)-移动电话,54,^0?262515\d{6}$
阿根廷-阿雷纳雷斯将军镇-固定电话,54,^0?2353\d{6}$
阿根廷-阿雷纳雷斯将军镇-移动电话,54,^0?235315\d{6}$
阿根廷-贝尔格拉诺将军镇-固定电话,54,^0?2243\d{6}$
阿根廷-贝尔格拉诺将军镇-移动电话,54,^0?224315\d{6}$
阿根廷-圣马丁将军镇-固定电话,54,^0?3725\d{6}$
阿根廷-圣马丁将军镇-移动电话,54,^0?372515\d{6}$
阿根廷-拉马德里将军县-固定电话,54,^0?2286\d{6}$
阿根廷-拉马德里将军县-移动电话,54,^0?228615\d{6}$
阿根廷-马达里亚加将军镇-固定电话,54,^0?2267\d{6}$
阿根廷-马达里亚加将军镇-移动电话,54,^0?226715\d{6}$
阿根廷-莫斯科尼将军镇-固定电话,54,^0?3711\d{6}$
阿根廷-莫斯科尼将军镇-移动电话,54,^0?371115\d{6}$
阿根廷-皮科将军镇-固定电话,54,^0?2302\d{6}$
阿根廷-皮科将军镇-移动电话,54,^0?230215\d{6}$
阿根廷-平托将军镇-固定电话,54,^0?2356\d{6}$
阿根廷-平托将军镇-移动电话,54,^0?235615\d{6}$
阿根廷-罗卡将军镇(内格罗河省)-固定电话,54,^0?298\d{7}$
阿根廷-罗卡将军镇(内格罗河省)-移动电话,54,^0?29815\d{7}$
阿根廷-比耶加斯将军镇-固定电话,54,^0?3388\d{6}$
阿根廷-比耶加斯将军镇-移动电话,54,^0?338815\d{6}$
阿根廷-格柳-固定电话,54,^0?2224\d{6}$
阿根廷-格柳-移动电话,54,^0?222415\d{6}$
阿根廷-克雷斯波省长镇-固定电话,54,^0?3498\d{6}$
阿根廷-克雷斯波省长镇-移动电话,54,^0?349815\d{6}$
阿根廷-贡萨莱斯卡坦-固定电话,54,^0?2202\d{6}$
阿根廷-贡萨莱斯卡坦-移动电话,54,^0?220215\d{6}$
阿根廷-戈亚-固定电话,54,^0?3777\d{6}$
阿根廷-戈亚-移动电话,54,^0?377715\d{6}$
阿根廷-瓜莱瓜伊-固定电话,54,^0?3444\d{6}$
阿根廷-瓜莱瓜伊-移动电话,54,^0?344415\d{6}$
阿根廷-瓜莱瓜伊丘-固定电话,54,^0?3446\d{6}$
阿根廷-瓜莱瓜伊丘-移动电话,54,^0?344615\d{6}$
阿根廷-Guamini-固定电话,54,^0?2929\d{6}$
阿根廷-Guamini-移动电话,54,^0?292915\d{6}$
阿根廷-HuanguelenSur-固定电话,54,^0?2933\d{6}$
阿根廷-HuanguelenSur-移动电话,54,^0?293315\d{6}$
阿根廷-HuincaRenanco-固定电话,54,^0?2336\d{6}$
阿根廷-HuincaRenanco-移动电话,54,^0?233615\d{6}$
阿根廷-乌玛瓦卡-固定电话,54,^0?3887\d{6}$
阿根廷-乌玛瓦卡-移动电话,54,^0?388715\d{6}$
阿根廷-雅克巴西工程师镇-固定电话,54,^0?2940\d{6}$
阿根廷-雅克巴西工程师镇-移动电话,54,^0?294015\d{6}$
阿根廷-Inriville-固定电话,54,^0?3467\d{6}$
阿根廷-Inriville-移动电话,54,^0?346715\d{6}$
阿根廷-伊图萨因戈-固定电话,54,^0?3786\d{6}$
阿根廷-伊图萨因戈-移动电话,54,^0?378615\d{6}$
阿根廷-哈查尔-固定电话,54,^0?2647\d{6}$
阿根廷-哈查尔-移动电话,54,^0?264715\d{6}$
阿根廷-耶稣玛利亚-固定电话,54,^0?3525\d{6}$
阿根廷-耶稣玛利亚-移动电话,54,^0?352515\d{6}$
阿根廷-何塞克莱门特帕斯-固定电话,54,^0?2320\d{6}$
阿根廷-何塞克莱门特帕斯-移动电话,54,^0?232015\d{6}$
阿根廷-胡安包蒂斯塔阿尔韦迪-固定电话,54,^0?2354\d{6}$
阿根廷-胡安包蒂斯塔阿尔韦迪-移动电话,54,^0?235415\d{6}$
阿根廷-胡安玛丽亚古铁雷斯-固定电话,54,^0?2229\d{6}$
阿根廷-胡安玛丽亚古铁雷斯-移动电话,54,^0?222915\d{6}$
阿根廷-胡宁(布宜诺斯艾利斯省)-固定电话,54,^0?236\d{7}$
阿根廷-胡宁(布宜诺斯艾利斯省)-移动电话,54,^0?23615\d{7}$
阿根廷-拉卡尔洛塔-固定电话,54,^0?3584\d{6}$
阿根廷-拉卡尔洛塔-移动电话,54,^0?358415\d{6}$
阿根廷-LaDulce-固定电话,54,^0?2264\d{6}$
阿根廷-LaDulce-移动电话,54,^0?226415\d{6}$
阿根廷-拉法尔达-固定电话,54,^0?3548\d{6}$
阿根廷-拉法尔达-移动电话,54,^0?354815\d{6}$
阿根廷-拉巴斯(恩特雷里奥斯省)-固定电话,54,^0?3437\d{6}$
阿根廷-拉巴斯(恩特雷里奥斯省)-移动电话,54,^0?343715\d{6}$
阿根廷-拉巴斯(门多萨省)-固定电话,54,^0?2626\d{6}$
阿根廷-拉巴斯(门多萨省)-移动电话,54,^0?262615\d{6}$
阿根廷-拉普拉塔-固定电话,54,^0?221\d{7}$
阿根廷-拉普拉塔-移动电话,54,^0?22115\d{7}$
阿根廷-拉普埃尔塔(科尔多瓦省)-固定电话,54,^0?3575\d{6}$
阿根廷-拉普埃尔塔(科尔多瓦省)-移动电话,54,^0?357515\d{6}$
阿根廷-拉基亚卡-固定电话,54,^0?3885\d{6}$
阿根廷-拉基亚卡-移动电话,54,^0?388515\d{6}$
阿根廷-拉里奥哈-固定电话,54,^0?380\d{7}$
阿根廷-拉里奥哈-移动电话,54,^0?38015\d{7}$
阿根廷-拉托马-固定电话,54,^0?2655\d{6}$
阿根廷-拉托马-移动电话,54,^0?265515\d{6}$
阿根廷-拉沃拉耶-固定电话,54,^0?3385\d{6}$
阿根廷-拉沃拉耶-移动电话,54,^0?338515\d{6}$
阿根廷-拉普里达-固定电话,54,^0?2285\d{6}$
阿根廷-拉普里达-移动电话,54,^0?228515\d{6}$
阿根廷-拉斯弗洛雷斯(布宜诺斯艾利斯省)-固定电话,54,^0?2244\d{6}$
阿根廷-拉斯弗洛雷斯(布宜诺斯艾利斯省)-移动电话,54,^0?224415\d{6}$
阿根廷-拉斯拉希塔斯-固定电话,54,^0?3877\d{6}$
阿根廷-拉斯拉希塔斯-移动电话,54,^0?387715\d{6}$
阿根廷-拉斯洛米塔斯-固定电话,54,^0?3715\d{6}$
阿根廷-拉斯洛米塔斯-移动电话,54,^0?371515\d{6}$
阿根廷-拉斯巴里亚斯-固定电话,54,^0?3533\d{6}$
阿根廷-拉斯巴里亚斯-移动电话,54,^0?353315\d{6}$
阿根廷-莱萨马-固定电话,54,^0?2242\d{6}$
阿根廷-莱萨马-移动电话,54,^0?224215\d{6}$
阿根廷-解放者圣马丁将军镇-固定电话,54,^0?3886\d{6}$
阿根廷-解放者圣马丁将军镇-移动电话,54,^0?388615\d{6}$
阿根廷-林肯市-固定电话,54,^0?2355\d{6}$
阿根廷-林肯市-移动电话,54,^0?235515\d{6}$
阿根廷-LlambiCampbell-固定电话,54,^0?3497\d{6}$
阿根廷-LlambiCampbell-移动电话,54,^0?349715\d{6}$
阿根廷-Loberia-固定电话,54,^0?2261\d{6}$
阿根廷-Loberia-移动电话,54,^0?226115\d{6}$
阿根廷-洛沃斯-固定电话,54,^0?2227\d{6}$
阿根廷-洛沃斯-移动电话,54,^0?222715\d{6}$
阿根廷-LopezCamelo-固定电话,54,^0?3327\d{6}$
阿根廷-LopezCamelo-移动电话,54,^0?332715\d{6}$
阿根廷-LosToldos(布宜诺斯艾利斯省)-固定电话,54,^0?2358\d{6}$
阿根廷-LosToldos(布宜诺斯艾利斯省)-移动电话,54,^0?235815\d{6}$
阿根廷-卢汉(布宜诺斯艾利斯省)-固定电话,54,^0?2323\d{6}$
阿根廷-卢汉(布宜诺斯艾利斯省)-移动电话,54,^0?232315\d{6}$
阿根廷-马卡钦-固定电话,54,^0?2953\d{6}$
阿根廷-马卡钦-移动电话,54,^0?295315\d{6}$
阿根廷-马查盖-固定电话,54,^0?3734\d{6}$
阿根廷-马查盖-移动电话,54,^0?373415\d{6}$
阿根廷-马格达莱纳-固定电话,54,^0?2221\d{6}$
阿根廷-马格达莱纳-移动电话,54,^0?222115\d{6}$
阿根廷-迈普(布宜诺斯艾利斯省)-固定电话,54,^0?2268\d{6}$
阿根廷-迈普(布宜诺斯艾利斯省)-移动电话,54,^0?226815\d{6}$
阿根廷-MarDeAjo-固定电话,54,^0?2257\d{6}$
阿根廷-MarDeAjo-移动电话,54,^0?225715\d{6}$
阿根廷-马德普拉塔-固定电话,54,^0?223\d{7}$
阿根廷-马德普拉塔-移动电话,54,^0?22315\d{7}$
阿根廷-马科斯化雷斯-固定电话,54,^0?3472\d{6}$
阿根廷-马科斯化雷斯-移动电话,54,^0?347215\d{6}$
阿根廷-梅达诺斯(布宜诺斯艾利斯省)-固定电话,54,^0?2927\d{6}$
阿根廷-梅达诺斯(布宜诺斯艾利斯省)-移动电话,54,^0?292715\d{6}$
阿根廷-门多萨-固定电话,54,^0?261\d{7}$
阿根廷-门多萨-移动电话,54,^0?26115\d{7}$
阿根廷-梅塞德斯(布宜诺斯艾利斯省)-固定电话,54,^0?2324\d{6}$
阿根廷-梅塞德斯(布宜诺斯艾利斯省)-移动电话,54,^0?232415\d{6}$
阿根廷-梅塞德斯(科连特斯省)-固定电话,54,^0?3773\d{6}$
阿根廷-梅塞德斯(科连特斯省)-移动电话,54,^0?377315\d{6}$
阿根廷-梅塞德斯(圣路易斯省)-固定电话,54,^0?2657\d{6}$
阿根廷-梅塞德斯(圣路易斯省)-移动电话,54,^0?265715\d{6}$
阿根廷-梅洛(布宜诺斯艾利斯省)-固定电话,54,^0?220\d{7}$
阿根廷-梅洛(布宜诺斯艾利斯省)-移动电话,54,^0?22015\d{7}$
阿根廷-梅洛(圣路易斯省)-固定电话,54,^0?2656\d{6}$
阿根廷-梅洛(圣路易斯省)-移动电话,54,^0?265615\d{6}$
阿根廷-圣何塞德梅坦-固定电话,54,^0?3876\d{6}$
阿根廷-圣何塞德梅坦-移动电话,54,^0?387615\d{6}$
阿根廷-米拉马尔(布宜诺斯艾利斯省)-固定电话,54,^0?2291\d{6}$
阿根廷-米拉马尔(布宜诺斯艾利斯省)-移动电话,54,^0?229115\d{6}$
阿根廷-MoisesVille-固定电话,54,^0?3409\d{6}$
阿根廷-MoisesVille-移动电话,54,^0?340915\d{6}$
阿根廷-蒙特-固定电话,54,^0?2271\d{6}$
阿根廷-蒙特-移动电话,54,^0?227115\d{6}$
阿根廷-蒙特卡塞罗斯-固定电话,54,^0?3775\d{6}$
阿根廷-蒙特卡塞罗斯-移动电话,54,^0?377515\d{6}$
阿根廷-蒙特克马多-固定电话,54,^0?3841\d{6}$
阿根廷-蒙特克马多-移动电话,54,^0?384115\d{6}$
阿根廷-蒙特阿古多-固定电话,54,^0?3891\d{6}$
阿根廷-蒙特阿古多-移动电话,54,^0?389115\d{6}$
阿根廷-蒙特罗斯-固定电话,54,^0?3863\d{6}$
阿根廷-蒙特罗斯-移动电话,54,^0?386315\d{6}$
阿根廷-莫雷诺-固定电话,54,^0?237\d{7}$
阿根廷-莫雷诺-移动电话,54,^0?23715\d{7}$
阿根廷-莫特罗斯-固定电话,54,^0?3562\d{6}$
阿根廷-莫特罗斯-移动电话,54,^0?356215\d{6}$
阿根廷-纳瓦罗-固定电话,54,^0?2272\d{6}$
阿根廷-纳瓦罗-移动电话,54,^0?227215\d{6}$
阿根廷-內科切阿-固定电话,54,^0?2262\d{6}$
阿根廷-內科切阿-移动电话,54,^0?226215\d{6}$
阿根廷-内乌肯-固定电话,54,^0?299\d{7}$
阿根廷-内乌肯-移动电话,54,^0?29915\d{7}$
阿根廷-诺戈亚-固定电话,54,^0?3435\d{6}$
阿根廷-诺戈亚-移动电话,54,^0?343515\d{6}$
阿根廷-NorbertoDeLaRiestra-固定电话,54,^0?2343\d{6}$
阿根廷-NorbertoDeLaRiestra-移动电话,54,^0?234315\d{6}$
阿根廷-奥韦拉-固定电话,54,^0?3755\d{6}$
阿根廷-奥韦拉-移动电话,54,^0?375515\d{6}$
阿根廷-奥拉瓦里亚-固定电话,54,^0?2284\d{6}$
阿根廷-奥拉瓦里亚-移动电话,54,^0?228415\d{6}$
阿根廷-奧利瓦-固定电话,54,^0?3532\d{6}$
阿根廷-奧利瓦-移动电话,54,^0?353215\d{6}$
阿根廷-奥兰-固定电话,54,^0?3878\d{6}$
阿根廷-奥兰-移动电话,54,^0?387815\d{6}$
阿根廷-巴拉那(恩特雷里奥斯省省会)-固定电话,54,^0?343\d{7}$
阿根廷-巴拉那(恩特雷里奥斯省省会)-移动电话,54,^0?34315\d{7}$
阿根廷-帕索德洛斯利布雷斯-固定电话,54,^0?3772\d{6}$
阿根廷-帕索德洛斯利布雷斯-移动电话,54,^0?377215\d{6}$
阿根廷-佩德罗-卢罗-固定电话,54,^0?2928\d{6}$
阿根廷-佩德罗-卢罗-移动电话,54,^0?292815\d{6}$
阿根廷-佩瓦霍-固定电话,54,^0?2396\d{6}$
阿根廷-佩瓦霍-移动电话,54,^0?239615\d{6}$
阿根廷-佩尔加米诺-固定电话,54,^0?2477\d{6}$
阿根廷-佩尔加米诺-移动电话,54,^0?247715\d{6}$
阿根廷-佩里托莫雷诺-固定电话,54,^0?2963\d{6}$
阿根廷-佩里托莫雷诺-移动电话,54,^0?296315\d{6}$
阿根廷-Pigüe-固定电话,54,^0?2923\d{6}$
阿根廷-Pigüe-移动电话,54,^0?292315\d{6}$
阿根廷-皮拉尔(布宜诺斯艾利斯省)-固定电话,54,^0?230\d{7}$
阿根廷-皮拉尔(布宜诺斯艾利斯省)-移动电话,54,^0?23015\d{7}$
阿根廷-Pinamar-固定电话,54,^0?2254\d{6}$
阿根廷-Pinamar-移动电话,54,^0?225415\d{6}$
阿根廷-波萨达斯-固定电话,54,^0?376\d{7}$
阿根廷-波萨达斯-移动电话,54,^0?37615\d{7}$
阿根廷-罗克萨恩斯培尼亚总统城-固定电话,54,^0?364\d{7}$
阿根廷-罗克萨恩斯培尼亚总统城-移动电话,54,^0?36415\d{7}$
阿根廷-伊瓜苏港-固定电话,54,^0?3757\d{6}$
阿根廷-伊瓜苏港-移动电话,54,^0?375715\d{6}$
阿根廷-蓬塔阿尔塔-固定电话,54,^0?2932\d{6}$
阿根廷-蓬塔阿尔塔-移动电话,54,^0?293215\d{6}$
阿根廷-基米利-固定电话,54,^0?3843\d{6}$
阿根廷-基米利-移动电话,54,^0?384315\d{6}$
阿根廷-基内斯-固定电话,54,^0?2651\d{6}$
阿根廷-基内斯-移动电话,54,^0?265115\d{6}$
阿根廷-拉斐拉-固定电话,54,^0?3492\d{6}$
阿根廷-拉斐拉-移动电话,54,^0?349215\d{6}$
阿根廷-拉马约-固定电话,54,^0?3407\d{6}$
阿根廷-拉马约-移动电话,54,^0?340715\d{6}$
阿根廷-兰奇约斯-固定电话,54,^0?3869\d{6}$
阿根廷-兰奇约斯-移动电话,54,^0?386915\d{6}$
阿根廷-Rapelli-固定电话,54,^0?3861\d{6}$
阿根廷-Rapelli-移动电话,54,^0?386115\d{6}$
阿根廷-劳奇-固定电话,54,^0?2297\d{6}$
阿根廷-劳奇-移动电话,54,^0?229715\d{6}$
阿根廷-雷阿利科-固定电话,54,^0?2331\d{6}$
阿根廷-雷阿利科-移动电话,54,^0?233115\d{6}$
阿根廷-雷孔基斯塔-固定电话,54,^0?3482\d{6}$
阿根廷-雷孔基斯塔-移动电话,54,^0?348215\d{6}$
阿根廷-雷克雷奥(卡塔马卡省)-固定电话,54,^0?3832\d{6}$
阿根廷-雷克雷奥(卡塔马卡省)-移动电话,54,^0?383215\d{6}$
阿根廷-雷西斯滕西亚-固定电话,54,^0?362\d{7}$
阿根廷-雷西斯滕西亚-移动电话,54,^0?36215\d{7}$
阿根廷-里奥科洛拉多(内格罗河省)-固定电话,54,^0?2931\d{6}$
阿根廷-里奥科洛拉多(内格罗河省)-移动电话,54,^0?293115\d{6}$
阿根廷-里奥夸尔托-固定电话,54,^0?358\d{7}$
阿根廷-里奥夸尔托-移动电话,54,^0?35815\d{7}$
阿根廷-里奥加耶戈斯-固定电话,54,^0?2966\d{6}$
阿根廷-里奥加耶戈斯-移动电话,54,^0?296615\d{6}$
阿根廷-里奥格兰德(火地省)-固定电话,54,^0?2964\d{6}$
阿根廷-里奥格兰德(火地省)-移动电话,54,^0?296415\d{6}$
阿根廷-里奥马约-固定电话,54,^0?2903\d{6}$
阿根廷-里奥马约-移动电话,54,^0?290315\d{6}$
阿根廷-圣罗萨德里奥普里梅罗-固定电话,54,^0?3574\d{6}$
阿根廷-圣罗萨德里奥普里梅罗-移动电话,54,^0?357415\d{6}$
阿根廷-里奥塞贡多-固定电话,54,^0?3572\d{6}$
阿根廷-里奥塞贡多-移动电话,54,^0?357215\d{6}$
阿根廷-里奥特尔塞罗-固定电话,54,^0?3571\d{6}$
阿根廷-里奥特尔塞罗-移动电话,54,^0?357115\d{6}$
阿根廷-里韦拉-固定电话,54,^0?2935\d{6}$
阿根廷-里韦拉-移动电话,54,^0?293515\d{6}$
阿根廷-罗哈斯-固定电话,54,^0?2475\d{6}$
阿根廷-罗哈斯-移动电话,54,^0?247515\d{6}$
阿根廷-罗萨里奥-固定电话,54,^0?341\d{7}$
阿根廷-罗萨里奥-移动电话,54,^0?34115\d{7}$
阿根廷-罗萨里奥-德尔塔拉-固定电话,54,^0?3445\d{6}$
阿根廷-罗萨里奥-德尔塔拉-移动电话,54,^0?344515\d{6}$
阿根廷-鲁菲诺-固定电话,54,^0?3382\d{6}$
阿根廷-鲁菲诺-移动电话,54,^0?338215\d{6}$
阿根廷-萨拉达斯-固定电话,54,^0?3782\d{6}$
阿根廷-萨拉达斯-移动电话,54,^0?378215\d{6}$
阿根廷-萨拉迪约(布宜诺斯艾利斯省)-固定电话,54,^0?2344\d{6}$
阿根廷-萨拉迪约(布宜诺斯艾利斯省)-移动电话,54,^0?234415\d{6}$
阿根廷-萨拉萨尔-固定电话,54,^0?2393\d{6}$
阿根廷-萨拉萨尔-移动电话,54,^0?239315\d{6}$
阿根廷-萨尔萨卡特-固定电话,54,^0?3542\d{6}$
阿根廷-萨尔萨卡特-移动电话,54,^0?354215\d{6}$
阿根廷-萨尔塔-固定电话,54,^0?387\d{7}$
阿根廷-萨尔塔-移动电话,54,^0?38715\d{7}$
阿根廷-萨尔托-固定电话,54,^0?2474\d{6}$
阿根廷-萨尔托-移动电话,54,^0?247415\d{6}$
阿根廷-圣奥古斯汀-固定电话,54,^0?2646\d{6}$
阿根廷-圣奥古斯汀-移动电话,54,^0?264615\d{6}$
阿根廷-圣安德烈斯-固定电话,54,^0?2325\d{6}$
阿根廷-圣安德烈斯-移动电话,54,^0?232515\d{6}$
阿根廷-圣安东尼奥-固定电话,54,^0?2326\d{6}$
阿根廷-圣安东尼奥-移动电话,54,^0?232615\d{6}$
阿根廷-西圣安东尼奥-固定电话,54,^0?2934\d{6}$
阿根廷-西圣安东尼奥-移动电话,54,^0?293415\d{6}$
阿根廷-圣卡洛斯-德巴里洛切-固定电话,54,^0?294\d{7}$
阿根廷-圣卡洛斯-德巴里洛切-移动电话,54,^0?29415\d{7}$
阿根廷-圣克利门蒂-固定电话,54,^0?2252\d{6}$
阿根廷-圣克利门蒂-移动电话,54,^0?225215\d{6}$
阿根廷-圣克里斯托瓦尔-固定电话,54,^0?3408\d{6}$
阿根廷-圣克里斯托瓦尔-移动电话,54,^0?340815\d{6}$
阿根廷-圣弗朗西斯科(科尔多瓦省)-固定电话,54,^0?3564\d{6}$
阿根廷-圣弗朗西斯科(科尔多瓦省)-移动电话,54,^0?356415\d{6}$
阿根廷-圣弗朗西斯科德尔查尼亚尔-固定电话,54,^0?3522\d{6}$
阿根廷-圣弗朗西斯科德尔查尼亚尔-移动电话,54,^0?352215\d{6}$
阿根廷-圣哈维尔(米西奥内斯省)-固定电话,54,^0?3754\d{6}$
阿根廷-圣哈维尔(米西奥内斯省)-移动电话,54,^0?375415\d{6}$
阿根廷-圣哈维尔(圣菲省)-固定电话,54,^0?3405\d{6}$
阿根廷-圣哈维尔(圣菲省)-移动电话,54,^0?340515\d{6}$
阿根廷-圣豪尔赫(圣菲省)-固定电话,54,^0?3406\d{6}$
阿根廷-圣豪尔赫(圣菲省)-移动电话,54,^0?340615\d{6}$
阿根廷-圣何塞德费利西亚诺-固定电话,54,^0?3458\d{6}$
阿根廷-圣何塞德费利西亚诺-移动电话,54,^0?345815\d{6}$
阿根廷-圣胡安-固定电话,54,^0?264\d{7}$
阿根廷-圣胡安-移动电话,54,^0?26415\d{7}$
阿根廷-圣胡利安-固定电话,54,^0?2962\d{6}$
阿根廷-圣胡利安-移动电话,54,^0?296215\d{6}$
阿根廷-圣洛伦索(圣菲省)-固定电话,54,^0?3476\d{6}$
阿根廷-圣洛伦索(圣菲省)-移动电话,54,^0?347615\d{6}$
阿根廷-圣路易斯(圣路易斯省)-固定电话,54,^0?266\d{7}$
阿根廷-圣路易斯(圣路易斯省)-移动电话,54,^0?26615\d{7}$
阿根廷-圣马丁(门多萨省)-固定电话,54,^0?263\d{7}$
阿根廷-圣马丁(门多萨省)-移动电话,54,^0?26315\d{7}$
阿根廷-圣马丁德洛斯安第斯-固定电话,54,^0?2972\d{6}$
阿根廷-圣马丁德洛斯安第斯-移动电话,54,^0?297215\d{6}$
阿根廷-圣米格尔-德图库曼-固定电话,54,^0?381\d{7}$
阿根廷-圣米格尔-德图库曼-移动电话,54,^0?38115\d{7}$
阿根廷-圣尼古拉斯-固定电话,54,^0?336\d{7}$
阿根廷-圣尼古拉斯-移动电话,54,^0?33615\d{7}$
阿根廷-圣佩德罗(布宜诺斯艾利斯省)-固定电话,54,^0?3329\d{6}$
阿根廷-圣佩德罗(布宜诺斯艾利斯省)-移动电话,54,^0?332915\d{6}$
阿根廷-圣佩德罗(胡胡伊省)-固定电话,54,^0?3888\d{6}$
阿根廷-圣佩德罗(胡胡伊省)-移动电话,54,^0?388815\d{6}$
阿根廷-圣拉斐尔(门多萨省)-固定电话,54,^0?260\d{7}$
阿根廷-圣拉斐尔(门多萨省)-移动电话,54,^0?26015\d{7}$
阿根廷-圣萨尔瓦多-德胡胡伊-固定电话,54,^0?388\d{7}$
阿根廷-圣萨尔瓦多-德胡胡伊-移动电话,54,^0?38815\d{7}$
阿根廷-圣菲-固定电话,54,^0?342\d{7}$
阿根廷-圣菲-移动电话,54,^0?34215\d{7}$
阿根廷-圣马利亚(卡塔马卡省)-固定电话,54,^0?3838\d{6}$
阿根廷-圣马利亚(卡塔马卡省)-移动电话,54,^0?383815\d{6}$
阿根廷-圣罗莎(拉潘帕省)-固定电话,54,^0?2954\d{6}$
阿根廷-圣罗莎(拉潘帕省)-移动电话,54,^0?295415\d{6}$
阿根廷-SantaRosaDeCalamuchita-固定电话,54,^0?3546\d{6}$
阿根廷-SantaRosaDeCalamuchita-移动电话,54,^0?354615\d{6}$
阿根廷-圣特雷莎(圣菲省)-固定电话,54,^0?3460\d{6}$
阿根廷-圣特雷莎(圣菲省)-移动电话,54,^0?346015\d{6}$
阿根廷-圣特雷西塔-固定电话,54,^0?2246\d{6}$
阿根廷-圣特雷西塔-移动电话,54,^0?224615\d{6}$
阿根廷-圣地亚哥-德尔埃斯特罗-固定电话,54,^0?385\d{7}$
阿根廷-圣地亚哥-德尔埃斯特罗-移动电话,54,^0?38515\d{7}$
阿根廷-圣多美-固定电话,54,^0?3756\d{6}$
阿根廷-圣多美-移动电话,54,^0?375615\d{6}$
阿根廷-苏曼帕-固定电话,54,^0?3856\d{6}$
阿根廷-苏曼帕-移动电话,54,^0?385615\d{6}$
阿根廷-孙查莱斯-固定电话,54,^0?3493\d{6}$
阿根廷-孙查莱斯-移动电话,54,^0?349315\d{6}$
阿根廷-孙乔科拉尔-固定电话,54,^0?3855\d{6}$
阿根廷-孙乔科拉尔-移动电话,54,^0?385515\d{6}$
阿根廷-塔菲德尔瓦勒-固定电话,54,^0?3867\d{6}$
阿根廷-塔菲德尔瓦勒-移动电话,54,^0?386715\d{6}$
阿根廷-坦迪尔-固定电话,54,^0?249\d{7}$
阿根廷-坦迪尔-移动电话,54,^0?24915\d{7}$
阿根廷-Tapalque-固定电话,54,^0?2283\d{6}$
阿根廷-Tapalque-移动电话,54,^0?228315\d{6}$
阿根廷-塔塔加尔(萨尔塔省)-固定电话,54,^0?3873\d{6}$
阿根廷-塔塔加尔(萨尔塔省)-移动电话,54,^0?387315\d{6}$
阿根廷-塔塔加尔(萨尔塔省)-固定电话,54,^0?3875\d{6}$
阿根廷-塔塔加尔(萨尔塔省)-移动电话,54,^0?387515\d{6}$
阿根廷-特马斯德里奥翁多-固定电话,54,^0?3858\d{6}$
阿根廷-特马斯德里奥翁多-移动电话,54,^0?385815\d{6}$
阿根廷-蒂诺加斯塔-固定电话,54,^0?3837\d{6}$
阿根廷-蒂诺加斯塔-移动电话,54,^0?383715\d{6}$
阿根廷-特兰卡斯-固定电话,54,^0?3862\d{6}$
阿根廷-特兰卡斯-移动电话,54,^0?386215\d{6}$
阿根廷-特伦克劳肯-固定电话,54,^0?2392\d{6}$
阿根廷-特伦克劳肯-移动电话,54,^0?239215\d{6}$
阿根廷-特雷斯阿罗约斯-固定电话,54,^0?2983\d{6}$
阿根廷-特雷斯阿罗约斯-移动电话,54,^0?298315\d{6}$
阿根廷-特雷斯洛马斯-固定电话,54,^0?2394\d{6}$
阿根廷-特雷斯洛马斯-移动电话,54,^0?239415\d{6}$
阿根廷-图努扬-固定电话,54,^0?2622\d{6}$
阿根廷-图努扬-移动电话,54,^0?262215\d{6}$
阿根廷-乌斯怀亚-固定电话,54,^0?2901\d{6}$
阿根廷-乌斯怀亚-移动电话,54,^0?290115\d{6}$
阿根廷-乌斯帕亚塔-固定电话,54,^0?2624\d{6}$
阿根廷-乌斯帕亚塔-移动电话,54,^0?262415\d{6}$
阿根廷-贝纳多图埃托-固定电话,54,^0?3462\d{6}$
阿根廷-贝纳多图埃托-移动电话,54,^0?346215\d{6}$
阿根廷-贝拉-固定电话,54,^0?3483\d{6}$
阿根廷-贝拉-移动电话,54,^0?348315\d{6}$
阿根廷-维多利亚-固定电话,54,^0?3436\d{6}$
阿根廷-维多利亚-移动电话,54,^0?343615\d{6}$
阿根廷-维克托里卡-固定电话,54,^0?2338\d{6}$
阿根廷-维克托里卡-移动电话,54,^0?233815\d{6}$
阿根廷-VicuñaMackenna-固定电话,54,^0?3583\d{6}$
阿根廷-VicuñaMackenna-移动电话,54,^0?358315\d{6}$
阿根廷-别德马-固定电话,54,^0?2920\d{6}$
阿根廷-别德马-移动电话,54,^0?292015\d{6}$
阿根廷-安吉拉镇-固定电话,54,^0?3735\d{6}$
阿根廷-安吉拉镇-移动电话,54,^0?373515\d{6}$
阿根廷-卡洛斯帕斯镇-固定电话,54,^0?3541\d{6}$
阿根廷-卡洛斯帕斯镇-移动电话,54,^0?354115\d{6}$
阿根廷-孔斯蒂图西翁镇-固定电话,54,^0?3400\d{6}$
阿根廷-孔斯蒂图西翁镇-移动电话,54,^0?340015\d{6}$
阿根廷-罗萨里奥镇(科尔多瓦省)-固定电话,54,^0?3573\d{6}$
阿根廷-罗萨里奥镇(科尔多瓦省)-移动电话,54,^0?357315\d{6}$
阿根廷-托托拉尔镇-固定电话,54,^0?3524\d{6}$
阿根廷-托托拉尔镇-移动电话,54,^0?352415\d{6}$
阿根廷-多洛雷斯镇-固定电话,54,^0?3544\d{6}$
阿根廷-多洛雷斯镇-移动电话,54,^0?354415\d{6}$
阿根廷-格塞尔镇-固定电话,54,^0?2255\d{6}$
阿根廷-格塞尔镇-移动电话,54,^0?225515\d{6}$
阿根廷-伊里斯镇-固定电话,54,^0?2925\d{6}$
阿根廷-伊里斯镇-移动电话,54,^0?292515\d{6}$
阿根廷-玛丽亚镇-固定电话,54,^0?353\d{7}$
阿根廷-玛丽亚镇-移动电话,54,^0?35315\d{7}$
阿根廷-圣马丁镇-固定电话,54,^0?3845\d{6}$
阿根廷-圣马丁镇-移动电话,54,^0?384515\d{6}$
阿根廷-比亚瓜伊-固定电话,54,^0?3455\d{6}$
阿根廷-比亚瓜伊-移动电话,54,^0?345515\d{6}$
阿根廷-威尼弗雷达-固定电话,54,^0?2333\d{6}$
阿根廷-威尼弗雷达-移动电话,54,^0?233315\d{6}$
阿根廷-萨帕拉-固定电话,54,^0?2942\d{6}$
阿根廷-萨帕拉-移动电话,54,^0?294215\d{6}$
阿根廷-萨拉特-固定电话,54,^0?3487\d{6}$
阿根廷-萨拉特-移动电话,54,^0?348715\d{6}$
约旦-固定-阿杰朗,962,^0?2\d{7}$
约旦-固定-安曼,962,^0?6\d{7}$
约旦-固定-亚喀巴,962,^0?3\d{7}$
约旦-固定-阿兹拉克,962,^0?5\d{7}$
约旦-固定-拜勒加,962,^0?5\d{7}$
约旦-固定-伊尔比德,962,^0?2\d{7}$
约旦-固定-杰拉什,962,^0?2\d{7}$
约旦-固定-卡拉克,962,^0?3\d{7}$
约旦-固定-马安,962,^0?3\d{7}$
约旦-固定-马代巴,962,^0?5\d{7}$
约旦-固定-马夫拉克,962,^0?2\d{7}$
约旦-固定-佩特拉,962,^0?3\d{7}$
约旦-固定-兰姆沙,962,^0?2\d{7}$
约旦-固定-萨尔特,962,^0?5\d{7}$
约旦-固定-塔菲拉,962,^0?3\d{7}$
约旦-固定-瓦迪拉姆,962,^0?3\d{7}$
约旦-固定-札尔卡,962,^0?5\d{7}$
约旦-移动-ZainJordan,962,^0?77\d{7}$
约旦-移动-OrangeJordan,962,^0?78\d{7}$
约旦-移动-Umniah,962,^0?79\d{7}$
加拿大-免费电话,1,^1?(800|888|877|866|855|844|833|822)\d{7}$
加拿大-艾伯塔（北部）,1,^1?780\d{7}$
加拿大-艾伯塔（南部）,1,^1?403\d{7}$
加拿大-艾伯塔-587,1,^1?587\d{7}$
加拿大-艾伯塔-825,1,^1?825\d{7}$
加拿大-不列颠哥伦比亚（温哥华以外）,1,^1?250\d{7}$
加拿大-不列颠哥伦比亚（温哥华地区）,1,^1?604\d{7}$
加拿大-不列颠哥伦比亚-778,1,^1?778\d{7}$
加拿大-不列颠哥伦比亚-236,1,^1?236\d{7}$
加拿大-威廉堡,1,^1?807\d{7}$
加拿大-伦敦（加拿大）,1,^1?519\d{7}$
加拿大-马尼托巴,1,^1?204\d{7}$
加拿大-马尼托巴-431,1,^1?431\d{7}$
加拿大-新不伦瑞克,1,^1?506\d{7}$
加拿大-纽芬兰,1,^1?709\d{7}$
加拿大-西北领地,1,^1?867\d{7}$
加拿大-努纳维特,1,^1?867\d{7}$
加拿大-新斯科舍,1,^1?902\d{7}$
加拿大-新斯科舍-782,1,^1?782\d{7}$
加拿大-安大略（伦敦）,1,^1?519\d{7}$
加拿大-安大略（北湾）,1,^1?705\d{7}$
加拿大-安大略（渥太华）,1,^1?613\d{7}$
加拿大-安大略（桑德贝）,1,^1?807\d{7}$
加拿大-安大略（多伦多中心）,1,^1?416\d{7}$
加拿大-安大略（多伦多近郊）,1,^1?905\d{7}$
加拿大-安大略-365,1,^1?365\d{7}$
加拿大-安大略-437,1,^1?437\d{7}$
加拿大-安大略-226,1,^1?226\d{7}$
加拿大-安大略-289,1,^1?289\d{7}$
加拿大-安大略-647,1,^1?647\d{7}$
加拿大-安大略-548,1,^1?548\d{7}$
加拿大-安大略-249,1,^1?249\d{7}$
加拿大-安大略-343,1,^1?343\d{7}$
加拿大-爱德华王子岛,1,^1?902\d{7}$
加拿大-爱德华王子岛-782,1,^1?782\d{7}$
加拿大-魁北克（蒙特利尔岛）,1,^1?514\d{7}$
加拿大-魁北克（蒙特利尔北部、南部海岸）,1,^1?450\d{7}$
加拿大-魁北克（魁北克城）,1,^1?418\d{7}$
加拿大-魁北克（舍布鲁克）,1,^1?819\d{7}$
加拿大-魁北克-579,1,^1?579\d{7}$
加拿大-魁北克-873,1,^1?873\d{7}$
加拿大-魁北克-581,1,^1?581\d{7}$
加拿大-魁北克-438,1,^1?438\d{7}$
加拿大-萨斯喀彻温,1,^1?306\d{7}$
加拿大-萨斯喀彻温-639,1,^1?639\d{7}$
加拿大-育空地区,1,^1?867\d{7}$
德国-固定-巴特洪堡,49,^0?6172\d+$
德国-固定-柏林,49,^0?30\d+$
德国-固定-波恩,49,^0?228\d+$
德国-固定-不来梅,49,^0?421\d+$
德国-固定-开姆尼斯,49,^0?371\d+$
德国-固定-科隆,49,^0?221\d+$
德国-固定-科特布斯,49,^0?355\d+$
德国-固定-达姆施塔特,49,^0?6151\d+$
德国-固定-德累斯顿,49,^0?351\d+$
德国-固定-杜塞尔多夫,49,^0?211\d+$
德国-固定-埃尔富特,49,^0?361\d+$
德国-固定-埃森,49,^0?201\d+$
德国-固定-法兰克福(西),49,^0?69\d+$
德国-固定-法兰克福(东),49,^0?335\d+$
德国-固定-格拉,49,^0?365\d+$
德国-固定-哈勒,49,^0?345\d+$
德国-固定-汉堡,49,^0?40\d+$
德国-固定-海德堡,49,^0?6221\d+$
德国-固定-汉诺威,49,^0?511\d+$
德国-固定-卡尔施塔特,49,^0?9353\d+$
德国-固定-基尔,49,^0?431\d+$
德国-固定-科布伦茨,49,^0?261\d+$
德国-固定-莱比锡,49,^0?341\d+$
德国-固定-马德堡,49,^0?391\d+$
德国-固定-曼海姆,49,^0?621\d+$
德国-固定-慕尼黑,49,^0?89\d+$
德国-固定-新勃兰登堡,49,^0?395\d+$
德国-固定-纽伦堡,49,^0?911\d+$
德国-固定-波茨坦,49,^0?331\d+$
德国-固定-罗斯托克,49,^0?381\d+$
德国-固定-萨尔,49,^0?38223\d+$
德国-固定-什未林,49,^0?385\d+$
德国-固定-斯图加特,49,^0?711\d+$
德国-固定-威斯巴登,49,^0?611\d+$
德国-移动-InteractivedigitalmediaGmbH15020,49,^0?15020\d{6}$
德国-移动-NAKAAG15050,49,^0?15050\d{6}$
德国-移动-EasyWorldCallGmbH15080,49,^0?15080\d{6}$
德国-移动-TelekomDeutschlandGmbH1511,49,^0?1511\d{7}$
德国-移动-TelekomDeutschlandGmbH1512,49,^0?1512\d{7}$
德国-移动-TelekomDeutschlandGmbH1514,49,^0?1514\d{7}$
德国-移动-TelekomDeutschlandGmbH1515,49,^0?1515\d{7}$
德国-移动-TelekomDeutschlandGmbH1516,49,^0?1516\d{7}$
德国-移动-TelekomDeutschlandGmbH1517,49,^0?1517\d{7}$
德国-移动-VodafoneGmbH1520,49,^0?1520\d{7}$
德国-移动-VodafoneGmbH/LycamobileGermany1521,49,^0?1521\d{7}$
德国-移动-VodafoneGmbH1522,49,^0?1522\d{7}$
德国-移动-VodafoneGmbH1523,49,^0?1523\d{7}$
德国-移动-VodafoneGmbH1525,49,^0?1525\d{7}$
德国-移动-VodafoneGmbH1526,49,^0?1526\d{7}$
德国-移动-VodafoneGmbH/TruphoneGmbH1529,49,^0?1529\d{7}$
德国-移动-TismiBV15555,49,^0?15555\d{6}$
德国-移动-multiConnectGmbH15630,49,^0?15630\d{6}$
德国-移动-ArgonNetworksUG15678,49,^0?15678\d{6}$
德国-移动-E-PlusMobilfunkGmbH/MVNO1570,49,^0?1570\d{7}$
德国-移动-E-PlusMobilfunkGmbH1573,49,^0?1573\d{7}$
德国-移动-E-PlusMobilfunkGmbH1575,49,^0?1575\d{7}$
德国-移动-E-PlusMobilfunkGmbH1577,49,^0?1577\d{7}$
德国-移动-E-PlusMobilfunkGmbH1578,49,^0?1578\d{7}$
德国-移动-E-PlusMobilfunkGmbH/SipgateWirelessGmbH1579,49,^0?1579\d{7}$
德国-移动-TelcoVillageGmbH15888,49,^0?15888\d{6}$
德国-移动-TelefónicaGermanyGmbH&Co.OHG1590,49,^0?1590\d{7}$
德国-移动-TelekomDeutschlandGmbH160,49,^0?160\d{7,8}$
德国-移动-VodafoneGmbH162,49,^0?162\d{7}$
德国-移动-E-PlusMobilfunkGmbH163,49,^0?163\d{7}$
德国-移动-TelekomDeutschlandGmbH170,49,^0?170\d{7}$
德国-移动-TelekomDeutschlandGmbH171,49,^0?171\d{7}$
德国-移动-VodafoneGmbH172,49,^0?172\d{7}$
德国-移动-VodafoneGmbH173,49,^0?173\d{7}$
德国-移动-VodafoneGmbH174,49,^0?174\d{7}$
德国-移动-TelekomDeutschlandGmbH175,49,^0?175\d{7}$
德国-移动-TelefónicaGermanyGmbH&Co.OHG176,49,^0?176\d{7}$
德国-移动-E-PlusMobilfunkGmbH177,49,^0?177\d{7}$
德国-移动-E-PlusMobilfunkGmbH178,49,^0?178\d{7}$
德国-移动-TelefónicaGermanyGmbH&Co.OHG179,49,^0?179\d{7}$
哈萨克斯坦-阿克莫拉-固定电话,7,^0?717\d{7}$
哈萨克斯坦-阿克套-固定电话,7,^0?729\d{7}$
哈萨克斯坦-阿克图宾斯克-固定电话,7,^0?713\d{7}$
哈萨克斯坦-阿拉木图-固定电话,7,^0?727\d{7}$
哈萨克斯坦-阿尔卡累克-固定电话,7,^0?730\d{7}$
哈萨克斯坦-阿特劳-固定电话,7,^0?712\d{7}$
哈萨克斯坦-卡拉干达-固定电话,7,^0?721\d{7}$
哈萨克斯坦-库斯塔奈-固定电话,7,^0?714\d{7}$
哈萨克斯坦-克孜勒奥尔达-固定电话,7,^0?724\d{7}$
哈萨克斯坦-列宁斯克-固定电话,7,^0?736\d{7}$
哈萨克斯坦-巴甫洛达尔-固定电话,7,^0?718\d{7}$
哈萨克斯坦-彼得罗巴甫洛夫斯克-固定电话,7,^0?715\d{7}$
哈萨克斯坦-塞米巴拉金斯克-固定电话,7,^0?722\d{7}$
哈萨克斯坦-什姆肯特-固定电话,7,^0?725\d{7}$
哈萨克斯坦-塔尔迪库尔干-固定电话,7,^0?728\d{7}$
哈萨克斯坦-乌拉尔斯克-固定电话,7,^0?711\d{7}$
哈萨克斯坦-乌斯季卡缅诺戈尔斯克-固定电话,7,^0?723\d{7}$
哈萨克斯坦-江布尔-固定电话,7,^0?726\d{7}$
哈萨克斯坦-杰兹卡兹甘-固定电话,7,^0?710\d{7}$
哈萨克斯坦-移动,7,^0?(6\d{9}|7(00|71|75|77)\d{7})$
俄罗斯-移动-MTS,7,^0?91[0-9]\d{7}$
俄罗斯-移动-MTS,7,^0?978\d{7}$
俄罗斯-移动-MTS,7,^0?98[0-9]\d{7}$
俄罗斯-移动-MegaFon,7,^0?92[0-9]\d{7}$
俄罗斯-移动-MegaFon,7,^0?93[0-9]\d{7}$
俄罗斯-移动-MegaFon,7,^0?999\d{7}$
俄罗斯-移动-Beeline,7,^0?90[3-6]\d{7}$
俄罗斯-移动-Beeline,7,^0?909\d{7}$
俄罗斯-移动-Beeline,7,^0?96[0-9]\d{7}$
俄罗斯-移动-Beeline,7,^0?976\d{7}$
俄罗斯-移动-Tele2,7,^0?90[0-2]\d{7}$
俄罗斯-移动-Tele2,7,^0?904\d{7}$
俄罗斯-移动-Tele2,7,^0?908\d{7}$
俄罗斯-移动-Tele2,7,^0?95[0-3]\d{7}$
俄罗斯-移动-Tele2,7,^0?958\d{7}$
俄罗斯-移动-Tele2,7,^0?977\d{7}$
俄罗斯-移动-Yota,7,^0?99[5-6]\d{7}$
俄罗斯-布里亚特共和国,7,^0?301\d{7}$
俄罗斯-赤塔阿加布里亚特自治区,7,^0?302\d{7}$
俄罗斯-拜科努尔,7,^0?336\d{7}$
俄罗斯-乌德穆尔特共和国,7,^0?341\d{7}$
俄罗斯-彼尔姆,7,^0?342\d{7}$
俄罗斯-斯维尔德洛夫斯克州,7,^0?343\d{7}$
俄罗斯-秋明,7,^0?345\d{7}$
俄罗斯-汉特-曼西斯克自治区,7,^0?346\d{7}$
俄罗斯-巴什科尔托斯坦共和国,7,^0?347\d{7}$
俄罗斯-亚马尔-涅涅茨自治区,7,^0?349\d{7}$
俄罗斯-车里雅宾斯克,7,^0?351\d{7}$
俄罗斯-库尔干,7,^0?352\d{7}$
俄罗斯-奥伦堡,7,^0?353\d{7}$
俄罗斯-克里米亚共和国,7,^0?365\d{7}$
俄罗斯-鄂木斯克,7,^0?381\d{7}$
俄罗斯-托木斯克,7,^0?382\d{7}$
俄罗斯-新西伯利亚,7,^0?383\d{7}$
俄罗斯-克麦罗沃,7,^0?384\d{7}$
俄罗斯-阿尔泰边疆区,7,^0?385\d{7}$
俄罗斯-阿尔泰共和国,7,^0?388\d{7}$
俄罗斯-哈卡斯共和国,7,^0?390\d{7}$
俄罗斯-克拉斯诺亚尔斯克,7,^0?391\d{7}$
俄罗斯-图瓦共和国,7,^0?394\d{7}$
俄罗斯-伊尔库次克,7,^0?395\d{7}$
俄罗斯-加里宁格勒,7,^0?401\d{7}$
俄罗斯-萨哈共和国,7,^0?411\d{7}$
俄罗斯-马加丹,7,^0?413\d{7}$
俄罗斯-堪察加,7,^0?415\d{7}$
俄罗斯-阿穆尔,7,^0?416\d{7}$
俄罗斯-哈巴罗夫斯克,7,^0?421\d{7}$
俄罗斯-滨海边疆区,7,^0?423\d{7}$
俄罗斯-库页岛,7,^0?424\d{7}$
俄罗斯-犹太自治区,7,^0?426\d{7}$
俄罗斯-楚科奇自治区,7,^0?427\d{7}$
俄罗斯-库尔斯克,7,^0?471\d{7}$
俄罗斯-别尔哥罗德,7,^0?472\d{7}$
俄罗斯-布良斯克,7,^0?483\d{7}$
俄罗斯-弗拉基米尔,7,^0?492\d{7}$
俄罗斯-沃罗涅什,7,^0?473\d{7}$
俄罗斯-伊万诺沃,7,^0?493\d{7}$
俄罗斯-卡卢加,7,^0?484\d{7}$
俄罗斯-科斯特罗马,7,^0?494\d{7}$
俄罗斯-利佩茨克,7,^0?474\d{7}$
俄罗斯-莫斯科市,7,^0?495\d{7}$
俄罗斯-莫斯科地区,7,^0?496\d{7}$
俄罗斯-奥廖尔,7,^0?486\d{7}$
俄罗斯-梁赞,7,^0?491\d{7}$
俄罗斯-斯摩棱斯克,7,^0?481\d{7}$
俄罗斯-坦波夫,7,^0?475\d{7}$
俄罗斯-特维尔,7,^0?482\d{7}$
俄罗斯-图拉,7,^0?487\d{7}$
俄罗斯-雅罗斯拉夫尔,7,^0?485\d{7}$
俄罗斯-莫斯科区域,7,^0?498\d{7}$
俄罗斯-莫斯科市,7,^0?499\d{7}$
俄罗斯-普斯科夫,7,^0?811\d{7}$
俄罗斯-圣彼德堡,7,^0?812\d{7}$
俄罗斯-列宁格勒,7,^0?813\d{7}$
俄罗斯-卡累利阿共和国,7,^0?814\d{7}$
俄罗斯-摩尔曼斯克,7,^0?815\d{7}$
俄罗斯-诺夫哥罗德,7,^0?816\d{7}$
俄罗斯-沃洛格达,7,^0?817\d{7}$
俄罗斯-阿尔汉格尔斯克,7,^0?818\d{7}$
俄罗斯-沃洛格达,7,^0?820\d{7}$
俄罗斯-科米共和国,7,^0?821\d{7}$
俄罗斯-下诺夫哥罗德,7,^0?831\d{7}$
俄罗斯-基洛夫,7,^0?833\d{7}$
俄罗斯-莫尔多瓦共和国,7,^0?834\d{7}$
俄罗斯-楚瓦什共和国,7,^0?835\d{7}$
俄罗斯-马里埃尔共和国,7,^0?836\d{7}$
俄罗斯-奔萨,7,^0?841\d{7}$
俄罗斯-乌里扬诺夫斯克,7,^0?842\d{7}$
俄罗斯-鞑靼斯坦共和国,7,^0?843\d{7}$
俄罗斯-伏尔加格勒,7,^0?844\d{7}$
俄罗斯-萨拉托夫,7,^0?845\d{7}$
俄罗斯-萨马拉,7,^0?846\d{7}$
俄罗斯-卡尔梅克共和国,7,^0?847\d{7}$
俄罗斯-萨马拉,7,^0?848\d{7}$
俄罗斯-阿斯特拉罕,7,^0?851\d{7}$
俄罗斯-鞑靼斯坦共和国,7,^0?855\d{7}$
俄罗斯-克拉斯诺达尔,7,^0?861\d{7}$
俄罗斯-克拉斯诺达尔,7,^0?862\d{7}$
俄罗斯-罗斯托夫,7,^0?863\d{7}$
俄罗斯-斯塔夫罗波尔,7,^0?865\d{7}$
俄罗斯-卡巴尔达-巴尔卡尔共和国,7,^0?866\d{7}$
俄罗斯-北奥塞梯-阿兰共和国,7,^0?867\d{7}$
俄罗斯-塞瓦斯托波尔,7,^0?869\d{7}$
俄罗斯-车臣共和国,7,^0?871\d{7}$
俄罗斯-达吉斯坦共和国,7,^0?872\d{7}$
俄罗斯-印古什共和国,7,^0?873\d{7}$
俄罗斯-阿迪格共和国,7,^0?877\d{7}$
俄罗斯-卡拉恰伊-切尔克斯共和国,7,^0?878\d{7}$
俄罗斯-斯塔夫罗波尔,7,^0?879\d{7}$
阿富汗-喀布尔(固定),93,^0?20\d{7}$
阿富汗-帕尔旺(固定),93,^0?21\d{7}$
阿富汗-卡比萨(固定),93,^0?22\d{7}$
阿富汗-巴米扬(固定),93,^0?23\d{7}$
阿富汗-瓦尔达克(固定),93,^0?24\d{7}$
阿富汗-洛加尔(固定),93,^0?25\d{7}$
阿富汗-戴孔迪(固定),93,^0?26\d{7}$
阿富汗-霍斯特(固定),93,^0?27\d{7}$
阿富汗-潘杰希尔(固定),93,^0?28\d{7}$
阿富汗-坎大哈(固定),93,^0?30\d{7}$
阿富汗-加兹尼(固定),93,^0?31\d{7}$
阿富汗-乌鲁兹甘(固定),93,^0?32\d{7}$
阿富汗-扎布尔(固定),93,^0?33\d{7}$
阿富汗-赫尔曼德(固定),93,^0?34\d{7}$
阿富汗-赫拉特(固定),93,^0?40\d{7}$
阿富汗-巴德吉斯(固定),93,^0?41\d{7}$
阿富汗-古尔(固定),93,^0?42\d{7}$
阿富汗-法拉(固定),93,^0?43\d{7}$
阿富汗-尼姆鲁兹(固定),93,^0?44\d{7}$
阿富汗-巴尔赫(固定),93,^0?50\d{7}$
阿富汗-昆都士(固定),93,^0?51\d{7}$
阿富汗-巴达赫尚(固定),93,^0?52\d{7}$
阿富汗-塔哈尔(固定),93,^0?53\d{7}$
阿富汗-朱兹詹(固定),93,^0?54\d{7}$
阿富汗-萨曼甘(固定),93,^0?55\d{7}$
阿富汗-萨尔普勒(固定),93,^0?56\d{7}$
阿富汗-法利亚布(固定),93,^0?57\d{7}$
阿富汗-巴格兰(固定),93,^0?58\d{7}$
阿富汗-楠格哈尔(固定),93,^0?60\d{7}$
阿富汗-努尔斯坦(固定),93,^0?61\d{7}$
阿富汗-库纳尔(固定),93,^0?62\d{7}$
阿富汗-拉格曼(固定),93,^0?63\d{7}$
阿富汗-帕克蒂亚(固定),93,^0?64\d{7}$
阿富汗-帕克蒂卡(固定),93,^0?65\d{7}$
阿富汗-移动-喀布尔(AWCC),93,^0?702[0-4]\d{5}$
阿富汗-移动-帕尔旺(AWCC),93,^0?7025\d{5}$
阿富汗-移动-卡比萨+潘杰希尔(AWCC),93,^0?7026\d{5}$
阿富汗-移动-巴米扬+戴孔迪(AWCC),93,^0?7027\d{5}$
阿富汗-移动-瓦尔达克(AWCC),93,^0?7028\d{5}$
阿富汗-移动-洛加尔(AWCC),93,^0?7029\d{5}$
阿富汗-移动-坎大哈(AWCC),93,^0?703[0-4]\d{5}$
阿富汗-移动-尼姆鲁兹(AWCC),93,^0?7035\d{5}$
阿富汗-移动-加兹尼(AWCC),93,^0?7036\d{5}$
阿富汗-移动-乌鲁兹甘(AWCC),93,^0?7037\d{5}$
阿富汗-移动-扎布尔(AWCC),93,^0?7038\d{5}$
阿富汗-移动-赫尔曼德(AWCC),93,^0?7039\d{5}$
阿富汗-移动-赫拉特(AWCC),93,^0?704[0-4]\d{5}$
阿富汗-移动-法利亚布(AWCC),93,^0?7045\d{5}$
阿富汗-移动-萨尔普勒(AWCC),93,^0?7046\d{5}$
阿富汗-移动-巴德吉斯(AWCC),93,^0?7047\d{5}$
阿富汗-移动-古尔(AWCC),93,^0?7048\d{5}$
阿富汗-移动-法拉(AWCC),93,^0?7049\d{5}$
阿富汗-移动-巴尔赫(AWCC),93,^0?705[0-4]\d{5}$
阿富汗-移动-昆都士(AWCC),93,^0?7055\d{5}$
阿富汗-移动-塔哈尔(AWCC),93,^0?7056\d{5}$
阿富汗-移动-朱兹詹(AWCC),93,^0?7057\d{5}$
阿富汗-移动-萨曼甘(AWCC),93,^0?7058\d{5}$
阿富汗-移动-巴格兰(AWCC),93,^0?7059\d{5}$
阿富汗-移动-楠格哈尔(AWCC),93,^0?706[0-2]\d{5}$
阿富汗-移动-巴达赫尚(AWCC),93,^0?7063\d{5}$
阿富汗-移动-努尔斯坦(AWCC),93,^0?7064\d{5}$
阿富汗-移动-库纳尔(AWCC),93,^0?7065\d{5}$
阿富汗-移动-拉格曼(AWCC),93,^0?7066\d{5}$
阿富汗-移动-帕克蒂亚(AWCC),93,^0?7067\d{5}$
阿富汗-移动-霍斯特(AWCC),93,^0?7068\d{5}$
阿富汗-移动-帕克蒂卡(AWCC),93,^0?7069\d{5}$
阿富汗-移动-喀布尔(阿富汗电信),93,^0?752[0-4]\d{5}$
阿富汗-移动-帕尔旺(阿富汗电信),93,^0?7525\d{5}$
阿富汗-移动-卡比萨+潘杰希尔(阿富汗电信),93,^0?7526\d{5}$
阿富汗-移动-巴米扬+戴孔迪(阿富汗电信),93,^0?7527\d{5}$
阿富汗-移动-瓦尔达克(阿富汗电信),93,^0?7528\d{5}$
阿富汗-移动-洛加尔(阿富汗电信),93,^0?7529\d{5}$
阿富汗-移动-坎大哈(阿富汗电信),93,^0?753[0-4]\d{5}$
阿富汗-移动-尼姆鲁兹(阿富汗电信),93,^0?7535\d{5}$
阿富汗-移动-加兹尼(阿富汗电信),93,^0?7536\d{5}$
阿富汗-移动-乌鲁兹甘(阿富汗电信),93,^0?7537\d{5}$
阿富汗-移动-扎布尔(阿富汗电信),93,^0?7538\d{5}$
阿富汗-移动-赫尔曼德(阿富汗电信),93,^0?7539\d{5}$
阿富汗-移动-赫拉特(阿富汗电信),93,^0?754[0-4]\d{5}$
阿富汗-移动-法利亚布(阿富汗电信),93,^0?7545\d{5}$
阿富汗-移动-萨尔普勒(阿富汗电信),93,^0?7546\d{5}$
阿富汗-移动-巴德吉斯(阿富汗电信),93,^0?7547\d{5}$
阿富汗-移动-古尔(阿富汗电信),93,^0?7548\d{5}$
阿富汗-移动-法拉(阿富汗电信),93,^0?7549\d{5}$
阿富汗-移动-巴尔赫(阿富汗电信),93,^0?755[0-4]\d{5}$
阿富汗-移动-昆都士(阿富汗电信),93,^0?7555\d{5}$
阿富汗-移动-塔哈尔(阿富汗电信),93,^0?7556\d{5}$
阿富汗-移动-朱兹詹(阿富汗电信),93,^0?7557\d{5}$
阿富汗-移动-萨曼甘(阿富汗电信),93,^0?7558\d{5}$
阿富汗-移动-巴格兰(阿富汗电信),93,^0?7559\d{5}$
阿富汗-移动-楠格哈尔(阿富汗电信),93,^0?756[0-2]\d{5}$
阿富汗-移动-巴达赫尚(阿富汗电信),93,^0?7563\d{5}$
阿富汗-移动-努尔斯坦(阿富汗电信),93,^0?7564\d{5}$
阿富汗-移动-库纳尔(阿富汗电信),93,^0?7565\d{5}$
阿富汗-移动-拉格曼(阿富汗电信),93,^0?7566\d{5}$
阿富汗-移动-帕克蒂亚(阿富汗电信),93,^0?7567\d{5}$
阿富汗-移动-霍斯特(阿富汗电信),93,^0?7568\d{5}$
阿富汗-移动-帕克蒂卡(阿富汗电信),93,^0?7569\d{5}$
阿富汗-移动-喀布尔(MTN),93,^0?772[0-4]\d{5}$
阿富汗-移动-帕尔旺(MTN),93,^0?7725\d{5}$
阿富汗-移动-卡比萨+潘杰希尔(MTN),93,^0?7726\d{5}$
阿富汗-移动-巴米扬+戴孔迪(MTN),93,^0?7727\d{5}$
阿富汗-移动-瓦尔达克(MTN),93,^0?7728\d{5}$
阿富汗-移动-洛加尔(MTN),93,^0?7729\d{5}$
阿富汗-移动-坎大哈(MTN),93,^0?773[0-4]\d{5}$
阿富汗-移动-尼姆鲁兹(MTN),93,^0?7735\d{5}$
阿富汗-移动-加兹尼(MTN),93,^0?7736\d{5}$
阿富汗-移动-乌鲁兹甘(MTN),93,^0?7737\d{5}$
阿富汗-移动-扎布尔(MTN),93,^0?7738\d{5}$
阿富汗-移动-赫尔曼德(MTN),93,^0?7739\d{5}$
阿富汗-移动-赫拉特(MTN),93,^0?774[0-4]\d{5}$
阿富汗-移动-法利亚布(MTN),93,^0?7745\d{5}$
阿富汗-移动-萨尔普勒(MTN),93,^0?7746\d{5}$
阿富汗-移动-巴德吉斯(MTN),93,^0?7747\d{5}$
阿富汗-移动-古尔(MTN),93,^0?7748\d{5}$
阿富汗-移动-法拉(MTN),93,^0?7749\d{5}$
阿富汗-移动-巴尔赫(MTN),93,^0?775[0-4]\d{5}$
阿富汗-移动-昆都士(MTN),93,^0?7755\d{5}$
阿富汗-移动-塔哈尔(MTN),93,^0?7756\d{5}$
阿富汗-移动-朱兹詹(MTN),93,^0?7757\d{5}$
阿富汗-移动-萨曼甘(MTN),93,^0?7758\d{5}$
阿富汗-移动-巴格兰(MTN),93,^0?7759\d{5}$
阿富汗-移动-楠格哈尔(MTN),93,^0?776[0-2]\d{5}$
阿富汗-移动-巴达赫尚(MTN),93,^0?7763\d{5}$
阿富汗-移动-努尔斯坦(MTN),93,^0?7764\d{5}$
阿富汗-移动-库纳尔(MTN),93,^0?7765\d{5}$
阿富汗-移动-拉格曼(MTN),93,^0?7766\d{5}$
阿富汗-移动-帕克蒂亚(MTN),93,^0?7767\d{5}$
阿富汗-移动-霍斯特(MTN),93,^0?7768\d{5}$
阿富汗-移动-帕克蒂卡(MTN),93,^0?7769\d{5}$
阿富汗-移动-喀布尔(Etisalat),93,^0?782[0-4]\d{5}$
阿富汗-移动-帕尔旺(Etisalat),93,^0?7825\d{5}$
阿富汗-移动-卡比萨+潘杰希尔(Etisalat),93,^0?7826\d{5}$
阿富汗-移动-巴米扬+戴孔迪(Etisalat),93,^0?7827\d{5}$
阿富汗-移动-瓦尔达克(Etisalat),93,^0?7828\d{5}$
阿富汗-移动-洛加尔(Etisalat),93,^0?7829\d{5}$
阿富汗-移动-坎大哈(Etisalat),93,^0?783[0-4]\d{5}$
阿富汗-移动-尼姆鲁兹(Etisalat),93,^0?7835\d{5}$
阿富汗-移动-加兹尼(Etisalat),93,^0?7836\d{5}$
阿富汗-移动-乌鲁兹甘(Etisalat),93,^0?7837\d{5}$
阿富汗-移动-扎布尔(Etisalat),93,^0?7838\d{5}$
阿富汗-移动-赫尔曼德(Etisalat),93,^0?7839\d{5}$
阿富汗-移动-赫拉特(Etisalat),93,^0?784[0-4]\d{5}$
阿富汗-移动-法利亚布(Etisalat),93,^0?7845\d{5}$
阿富汗-移动-萨尔普勒(Etisalat),93,^0?7846\d{5}$
阿富汗-移动-巴德吉斯(Etisalat),93,^0?7847\d{5}$
阿富汗-移动-古尔(Etisalat),93,^0?7848\d{5}$
阿富汗-移动-法拉(Etisalat),93,^0?7849\d{5}$
阿富汗-移动-巴尔赫(Etisalat),93,^0?785[0-4]\d{5}$
阿富汗-移动-昆都士(Etisalat),93,^0?7855\d{5}$
阿富汗-移动-塔哈尔(Etisalat),93,^0?7856\d{5}$
阿富汗-移动-朱兹詹(Etisalat),93,^0?7857\d{5}$
阿富汗-移动-萨曼甘(Etisalat),93,^0?7858\d{5}$
阿富汗-移动-巴格兰(Etisalat),93,^0?7859\d{5}$
阿富汗-移动-楠格哈尔(Etisalat),93,^0?786[0-2]\d{5}$
阿富汗-移动-巴达赫尚(Etisalat),93,^0?7863\d{5}$
阿富汗-移动-努尔斯坦(Etisalat),93,^0?7864\d{5}$
阿富汗-移动-库纳尔(Etisalat),93,^0?7865\d{5}$
阿富汗-移动-拉格曼(Etisalat),93,^0?7866\d{5}$
阿富汗-移动-帕克蒂亚(Etisalat),93,^0?7867\d{5}$
阿富汗-移动-霍斯特(Etisalat),93,^0?7868\d{5}$
阿富汗-移动-帕克蒂卡(Etisalat),93,^0?7869\d{5}$
阿富汗-移动-喀布尔(Roshan),93,^0?792[0-4]\d{5}$
阿富汗-移动-帕尔旺(Roshan),93,^0?7925\d{5}$
阿富汗-移动-卡比萨+潘杰希尔(Roshan),93,^0?7926\d{5}$
阿富汗-移动-巴米扬+戴孔迪(Roshan),93,^0?7927\d{5}$
阿富汗-移动-瓦尔达克(Roshan),93,^0?7928\d{5}$
阿富汗-移动-洛加尔(Roshan),93,^0?7929\d{5}$
阿富汗-移动-坎大哈(Roshan),93,^0?793[0-4]\d{5}$
阿富汗-移动-尼姆鲁兹(Roshan),93,^0?7935\d{5}$
阿富汗-移动-加兹尼(Roshan),93,^0?7936\d{5}$
阿富汗-移动-乌鲁兹甘(Roshan),93,^0?7937\d{5}$
阿富汗-移动-扎布尔(Roshan),93,^0?7938\d{5}$
阿富汗-移动-赫尔曼德(Roshan),93,^0?7939\d{5}$
阿富汗-移动-赫拉特(Roshan),93,^0?794[0-4]\d{5}$
阿富汗-移动-法利亚布(Roshan),93,^0?7945\d{5}$
阿富汗-移动-萨尔普勒(Roshan),93,^0?7946\d{5}$
阿富汗-移动-巴德吉斯(Roshan),93,^0?7947\d{5}$
阿富汗-移动-古尔(Roshan),93,^0?7948\d{5}$
阿富汗-移动-法拉(Roshan),93,^0?7949\d{5}$
阿富汗-移动-巴尔赫(Roshan),93,^0?795[0-4]\d{5}$
阿富汗-移动-昆都士(Roshan),93,^0?7955\d{5}$
阿富汗-移动-塔哈尔(Roshan),93,^0?7956\d{5}$
阿富汗-移动-朱兹詹(Roshan),93,^0?7957\d{5}$
阿富汗-移动-萨曼甘(Roshan),93,^0?7958\d{5}$
阿富汗-移动-巴格兰(Roshan),93,^0?7959\d{5}$
阿富汗-移动-楠格哈尔(Roshan),93,^0?796[0-2]\d{5}$
阿富汗-移动-巴达赫尚(Roshan),93,^0?7963\d{5}$
阿富汗-移动-努尔斯坦(Roshan),93,^0?7964\d{5}$
阿富汗-移动-库纳尔(Roshan),93,^0?7965\d{5}$
阿富汗-移动-拉格曼(Roshan),93,^0?7966\d{5}$
阿富汗-移动-帕克蒂亚(Roshan),93,^0?7967\d{5}$
阿富汗-移动-霍斯特(Roshan),93,^0?7968\d{5}$
阿富汗-移动-帕克蒂卡(Roshan),93,^0?7969\d{5}$
瑞典-Alfta-Edsbyn(固定),46,^0?271\d{6}$
瑞典-Alingsås-Vårgårda(固定),46,^0?322\d{6}$
瑞典-Älmhult(固定),46,^0?476\d{6}$
瑞典-Alunda(固定),46,^0?174\d{6}$
瑞典-Älvdalen(固定),46,^0?251\d{6}$
瑞典-Alvesta-Rydaholm(固定),46,^0?472\d{6}$
瑞典-Älvsbyn(固定),46,^0?929\d{6}$
瑞典-阿迈勒(固定),46,^0?532\d{6}$
瑞典-Ånge(固定),46,^0?690\d{6}$
瑞典-Ängelholm-Båstad(固定),46,^0?431\d{6}$
瑞典-Arboga(固定),46,^0?589\d{6}$
瑞典-Åre-Järpen(固定),46,^0?647\d{6}$
瑞典-Årjäng(固定),46,^0?573\d{6}$
瑞典-Arjeplog(固定),46,^0?961\d{6}$
瑞典-Arvidsjaur(固定),46,^0?960\d{6}$
瑞典-Arvika(固定),46,^0?570\d{6}$
瑞典-Åseda-Lenhovda(固定),46,^0?474\d{6}$
瑞典-Åsele(固定),46,^0?941\d{6}$
瑞典-Askersund(固定),46,^0?583\d{6}$
瑞典-Åtvidaberg(固定),46,^0?120\d{6}$
瑞典-Avesta-Krylbo(固定),46,^0?226\d{6}$
瑞典-Backe(固定),46,^0?624\d{6}$
瑞典-Bastuträsk(固定),46,^0?915\d{6}$
瑞典-Bengtsfors(固定),46,^0?531\d{6}$
瑞典-Bergsjö(固定),46,^0?652\d{6}$
瑞典-Björna(固定),46,^0?662\d{6}$
瑞典-Bjurholm(固定),46,^0?932\d{6}$
瑞典-博登(固定),46,^0?921\d{6}$
瑞典-Bollnäs(固定),46,^0?278\d{6}$
瑞典-布罗斯(固定),46,^0?33\d{7}$
瑞典-Borlänge(固定),46,^0?243\d{6}$
瑞典-Bräcke-Gällö(固定),46,^0?693\d{6}$
瑞典-Bredbyn(固定),46,^0?661\d{6}$
瑞典-Burträsk(固定),46,^0?914\d{6}$
瑞典-比斯克(固定),46,^0?912\d{6}$
瑞典-Charlottenberg-Åmotfors(固定),46,^0?571\d{6}$
瑞典-Deje(固定),46,^0?552\d{6}$
瑞典-Delsbo(固定),46,^0?653\d{6}$
瑞典-Dorotea(固定),46,^0?942\d{6}$
瑞典-Ed(固定),46,^0?534\d{6}$
瑞典-Eksjö(固定),46,^0?381\d{6}$
瑞典-Emmaboda(固定),46,^0?471\d{6}$
瑞典-Enköping(固定),46,^0?171\d{6}$
瑞典-埃斯基尔斯蒂纳(固定),46,^0?16\d{7}$
瑞典-Eslöv-Höör(固定),46,^0?413\d{6}$
瑞典-法格斯塔-努尔贝里(固定),46,^0?223\d{6}$
瑞典-法尔肯贝里(固定),46,^0?346\d{6}$
瑞典-Falköping(固定),46,^0?515\d{6}$
瑞典-法伦(固定),46,^0?23\d{7}$
瑞典-Färgelanda(固定),46,^0?528\d{6}$
瑞典-Filipstad(固定),46,^0?590\d{6}$
瑞典-Finspång(固定),46,^0?122\d{6}$
瑞典-Fjugesta-Svartå(固定),46,^0?585\d{6}$
瑞典-Flen-Malmköping(固定),46,^0?157\d{6}$
瑞典-Föllinge(固定),46,^0?645\d{6}$
瑞典-Fredrika(固定),46,^0?943\d{6}$
瑞典-Furudal(固定),46,^0?258\d{6}$
瑞典-Gäddede(固定),46,^0?672\d{6}$
瑞典-Gagnef-Floda(固定),46,^0?241\d{6}$
瑞典-Gällivare(固定),46,^0?970\d{6}$
瑞典-Gamleby(固定),46,^0?493\d{6}$
瑞典-耶夫勒-桑德维肯(固定),46,^0?26\d{7}$
瑞典-Gislaved-Anderstorp(固定),46,^0?371\d{6}$
瑞典-Gnesta(固定),46,^0?158\d{6}$
瑞典-哥德堡(固定),46,^0?31\d{7}$
瑞典-哥得兰(固定),46,^0?498\d{6}$
瑞典-Gränna(固定),46,^0?390\d{6}$
瑞典-Grästorp(固定),46,^0?514\d{6}$
瑞典-Grebbestad(固定),46,^0?525\d{6}$
瑞典-Grums(固定),46,^0?555\d{6}$
瑞典-Gullspång(固定),46,^0?551\d{6}$
瑞典-Hagfors-Munkfors(固定),46,^0?563\d{6}$
瑞典-Hakkas(固定),46,^0?975\d{6}$
瑞典-Hällefors-Grythyttan(固定),46,^0?591\d{6}$
瑞典-Hallen-Oviken(固定),46,^0?643\d{6}$
瑞典-Hallsberg(固定),46,^0?582\d{6}$
瑞典-Hallstahammar-Surahammar(固定),46,^0?220\d{6}$
瑞典-Hallstavik-Rimbo(固定),46,^0?175\d{6}$
瑞典-哈尔姆斯塔德(固定),46,^0?35\d{7}$
瑞典-Hammarstrand(固定),46,^0?696\d{6}$
瑞典-Hammerdal(固定),46,^0?644\d{6}$
瑞典-哈帕兰达(固定),46,^0?922\d{6}$
瑞典-Harads(固定),46,^0?928\d{6}$
瑞典-海讷桑德(固定),46,^0?611\d{6}$
瑞典-Hässleholm(固定),46,^0?451\d{6}$
瑞典-Hede-Funäsdalen(固定),46,^0?684\d{6}$
瑞典-Hedemora-Säter(固定),46,^0?225\d{6}$
瑞典-Hedesunda-Österfärnebo(固定),46,^0?291\d{6}$
瑞典-赫尔辛堡(固定),46,^0?42\d{7}$
瑞典-Herrljunga(固定),46,^0?513\d{6}$
瑞典-Hindås(固定),46,^0?301\d{6}$
瑞典-Hjo(固定),46,^0?503\d{6}$
瑞典-Hofors-Storvik(固定),46,^0?290\d{6}$
瑞典-赫比(固定),46,^0?415\d{6}$
瑞典-Hoting(固定),46,^0?671\d{6}$
瑞典-Hudiksvall(固定),46,^0?650\d{6}$
瑞典-Hultsfred-Virserum(固定),46,^0?495\d{6}$
瑞典-胡苏姆(固定),46,^0?663\d{6}$
瑞典-Hyltebruk-Torup(固定),46,^0?345\d{6}$
瑞典-Idre-Särna(固定),46,^0?253\d{6}$
瑞典-约克莫克(固定),46,^0?971\d{6}$
瑞典-延雪平(固定),46,^0?36\d{7}$
瑞典-Jörn(固定),46,^0?916\d{6}$
瑞典-Junsele(固定),46,^0?621\d{6}$
瑞典-卡利克斯(固定),46,^0?923\d{6}$
瑞典-卡尔马(固定),46,^0?480\d{6}$
瑞典-Karlholmsbruk-Skärplinge(固定),46,^0?294\d{6}$
瑞典-Karlsborg(固定),46,^0?505\d{6}$
瑞典-Karlshamn-Olofström(固定),46,^0?454\d{6}$
瑞典-Karlskoga-Degerfors(固定),46,^0?586\d{6}$
瑞典-卡尔斯克鲁纳(固定),46,^0?455\d{6}$
瑞典-卡尔斯塔德(固定),46,^0?54\d{7}$
瑞典-Katrineholm(固定),46,^0?150\d{6}$
瑞典-Kil(固定),46,^0?554\d{6}$
瑞典-Kinna(固定),46,^0?320\d{6}$
瑞典-基律纳(固定),46,^0?980\d{6}$
瑞典-基沙(固定),46,^0?494\d{6}$
瑞典-岩柏仕德(固定),46,^0?435\d{6}$
瑞典-Köping(固定),46,^0?221\d{6}$
瑞典-Kopparberg(固定),46,^0?580\d{6}$
瑞典-Korpilombolo(固定),46,^0?977\d{6}$
瑞典-克拉姆福什(固定),46,^0?612\d{6}$
瑞典-克里斯蒂安斯塔德(固定),46,^0?44\d{7}$
瑞典-Kristinehamn(固定),46,^0?550\d{6}$
瑞典-Krokom(固定),46,^0?640\d{6}$
瑞典-Kungälv(固定),46,^0?303\d{6}$
瑞典-Kungsbacka(固定),46,^0?300\d{6}$
瑞典-Kungsör(固定),46,^0?227\d{6}$
瑞典-Laholm(固定),46,^0?430\d{6}$
瑞典-Lakaträsk(固定),46,^0?925\d{6}$
瑞典-Landskrona-Svalöv(固定),46,^0?418\d{6}$
瑞典-拉赫斯河(固定),46,^0?584\d{6}$
瑞典-Leksand-Insjön(固定),46,^0?247\d{6}$
瑞典-Lerum(固定),46,^0?302\d{6}$
瑞典-Lessebo(固定),46,^0?478\d{6}$
瑞典-利登(固定),46,^0?692\d{6}$
瑞典-林雪平(固定),46,^0?510\d{6}$
瑞典-Lindesberg(固定),46,^0?581\d{6}$
瑞典-林雪(固定),46,^0?13\d{7}$
瑞典-Lit(固定),46,^0?642\d{6}$
瑞典-永比(固定),46,^0?372\d{6}$
瑞典-Ljusdal(固定),46,^0?651\d{6}$
瑞典-Los(固定),46,^0?657\d{6}$
瑞典-Lövånger(固定),46,^0?913\d{6}$
瑞典-卢德维卡(固定),46,^0?240\d{6}$
瑞典-吕勒奥(固定),46,^0?920\d{6}$
瑞典-隆德(固定),46,^0?46\d{7}$
瑞典-Lycksele(固定),46,^0?950\d{6}$
瑞典-Lysekil(固定),46,^0?523\d{6}$
瑞典-马拉(固定),46,^0?953\d{6}$
瑞典-马尔默(固定),46,^0?40\d{7}$
瑞典-Malung(固定),46,^0?280\d{6}$
瑞典-Mariannelund(固定),46,^0?496\d{6}$
瑞典-Mariefred(固定),46,^0?159\d{6}$
瑞典-Mariestad(固定),46,^0?501\d{6}$
瑞典-Markaryd-Strömsnäsbruk(固定),46,^0?433\d{6}$
瑞典-Mellerud(固定),46,^0?530\d{6}$
瑞典-Mjölby-Skänninge-Boxholm(固定),46,^0?142\d{6}$
瑞典-Molkom(固定),46,^0?553\d{6}$
瑞典-Mönsterås(固定),46,^0?499\d{6}$
瑞典-Mora-Orsa(固定),46,^0?250\d{6}$
瑞典-穆塔拉(固定),46,^0?141\d{6}$
瑞典-Mullsjö(固定),46,^0?392\d{6}$
瑞典-Munkedal(固定),46,^0?524\d{6}$
瑞典-Näsåker(固定),46,^0?622\d{6}$
瑞典-Nässjö(固定),46,^0?380\d{6}$
瑞典-娜拉(固定),46,^0?587\d{6}$
瑞典-Nordmaling(固定),46,^0?930\d{6}$
瑞典-北雪平(固定),46,^0?11\d{7}$
瑞典-诺尔泰利耶(固定),46,^0?176\d{6}$
瑞典-Norsjö(固定),46,^0?918\d{6}$
瑞典-Nybro(固定),46,^0?481\d{6}$
瑞典-尼雪平(固定),46,^0?155\d{6}$
瑞典-Ockelbo-Hamrånge(固定),46,^0?297\d{6}$
瑞典-Ödeshög(固定),46,^0?144\d{6}$
瑞典-厄兰岛(固定),46,^0?485\d{6}$
瑞典-Örbyhus-Dannemora(固定),46,^0?295\d{6}$
瑞典-厄勒布鲁(固定),46,^0?19\d{7}$
瑞典-Öregrund-Östhammar(固定),46,^0?173\d{6}$
瑞典-Örnsköldsvik(固定),46,^0?660\d{6}$
瑞典-Orust-Tjörn(固定),46,^0?304\d{6}$
瑞典-Osby(固定),46,^0?479\d{6}$
瑞典-Oskarshamn-Högsby(固定),46,^0?491\d{6}$
瑞典-厄斯特松德(固定),46,^0?63\d{7}$
瑞典-Överkalix(固定),46,^0?926\d{6}$
瑞典-Övertorneå(固定),46,^0?927\d{6}$
瑞典-Pajala(固定),46,^0?978\d{6}$
瑞典-皮特欧(固定),46,^0?911\d{6}$
瑞典-Porjus(固定),46,^0?973\d{6}$
瑞典-Ramsele(固定),46,^0?623\d{6}$
瑞典-Råneå(固定),46,^0?924\d{6}$
瑞典-拉坦(固定),46,^0?682\d{6}$
瑞典-Rättvik(固定),46,^0?248\d{6}$
瑞典-Robertsfors(固定),46,^0?934\d{6}$
瑞典-龙内比(固定),46,^0?457\d{6}$
瑞典-吕德(固定),46,^0?459\d{6}$
瑞典-Säffle(固定),46,^0?533\d{6}$
瑞典-Sala-Heby(固定),46,^0?224\d{6}$
瑞典-Sävsjö(固定),46,^0?382\d{6}$
瑞典-Simrishamn(固定),46,^0?414\d{6}$
瑞典-Sjöbo(固定),46,^0?416\d{6}$
瑞典-Skara-Götene(固定),46,^0?511\d{6}$
瑞典-Skellefteå(固定),46,^0?910\d{6}$
瑞典-Skinnskatteberg(固定),46,^0?222\d{6}$
瑞典-舍夫德(固定),46,^0?500\d{6}$
瑞典-Söderhamn(固定),46,^0?270\d{6}$
瑞典-南雪平(固定),46,^0?121\d{6}$
瑞典-Sollefteå(固定),46,^0?620\d{6}$
瑞典-Sölvesborg-Bromölla(固定),46,^0?456\d{6}$
瑞典-Sorsele(固定),46,^0?952\d{6}$
瑞典-斯德哥尔摩(固定),46,^0?8\d{8}$
瑞典-Storuman(固定),46,^0?951\d{6}$
瑞典-斯特兰奈斯(固定),46,^0?152\d{6}$
瑞典-斯特伦斯塔德(固定),46,^0?526\d{6}$
瑞典-Strömsund(固定),46,^0?670\d{6}$
瑞典-Stugun(固定),46,^0?695\d{6}$
瑞典-松兹瓦尔(固定),46,^0?60\d{7}$
瑞典-Sunne(固定),46,^0?565\d{6}$
瑞典-Svärdsjö-Enviken(固定),46,^0?246\d{6}$
瑞典-Sveg(固定),46,^0?680\d{6}$
瑞典-Svenljunga-Tranemo(固定),46,^0?325\d{6}$
瑞典-Svenstavik(固定),46,^0?687\d{6}$
瑞典-Sysslebäck(固定),46,^0?564\d{6}$
瑞典-Tärnaby(固定),46,^0?954\d{6}$
瑞典-Tärnsjö-Östervåla(固定),46,^0?292\d{6}$
瑞典-Tibro(固定),46,^0?504\d{6}$
瑞典-Tidaholm(固定),46,^0?502\d{6}$
瑞典-Tierp-Söderfors(固定),46,^0?293\d{6}$
瑞典-Tingsryd(固定),46,^0?477\d{6}$
瑞典-Tomelilla(固定),46,^0?417\d{6}$
瑞典-Töreboda-Hova(固定),46,^0?506\d{6}$
瑞典-Torpshammar(固定),46,^0?691\d{6}$
瑞典-图绍斯(固定),46,^0?486\d{6}$
瑞典-Torsby(固定),46,^0?560\d{6}$
瑞典-Tranås(固定),46,^0?140\d{6}$
瑞典-特雷勒堡(固定),46,^0?410\d{6}$
瑞典-Trollhättan(固定),46,^0?520\d{6}$
瑞典-Trosa-Vagnhärad(固定),46,^0?156\d{6}$
瑞典-乌德瓦拉(固定),46,^0?522\d{6}$
瑞典-Ullånger(固定),46,^0?613\d{6}$
瑞典-Ulricehamn(固定),46,^0?321\d{6}$
瑞典-于默奥(固定),46,^0?90\d{7}$
瑞典-乌普萨拉(固定),46,^0?18\d{7}$
瑞典-Vadstena(固定),46,^0?143\d{6}$
瑞典-Vaggeryd(固定),46,^0?393\d{6}$
瑞典-Valdemarsvik(固定),46,^0?123\d{6}$
瑞典-Vänersborg(固定),46,^0?521\d{6}$
瑞典-Vännäs(固定),46,^0?935\d{6}$
瑞典-Vansbro(固定),46,^0?281\d{6}$
瑞典-Vara-Nossebro(固定),46,^0?512\d{6}$
瑞典-瓦尔贝里(固定),46,^0?340\d{6}$
瑞典-韦纳穆(固定),46,^0?370\d{6}$
瑞典-韦斯特罗斯(固定),46,^0?21\d{7}$
瑞典-韦斯特维克(固定),46,^0?490\d{6}$
瑞典-韦克舍(固定),46,^0?470\d{6}$
瑞典-Vetlanda(固定),46,^0?383\d{6}$
瑞典-Vikbolandet(固定),46,^0?125\d{6}$
瑞典-Vilhelmina(固定),46,^0?940\d{6}$
瑞典-维默比(固定),46,^0?492\d{6}$
瑞典-Vindeln(固定),46,^0?933\d{6}$
瑞典-温奥克(固定),46,^0?151\d{6}$
瑞典-Vittangi(固定),46,^0?981\d{6}$
瑞典-Vuollerim(固定),46,^0?976\d{6}$
瑞典-于斯塔德(固定),46,^0?411\d{6}$
瑞典-移动-GSMMobile,46,^0?7[03]\d{7}$
瑞典-移动-寻呼机,46,^0?74[06]\d{6}$
瑞典-移动-模拟移动NMT,46,^0?10\d{7}$
日本-札幌(固定),81,^0?11\d{7}$
日本-千岁/夕张/栗山町(固定),81,^0?123\d{6}$
日本-芦别(固定),81,^0?124\d{6}$
日本-多岐川(固定),81,^0?125\d{6}$
日本-岩见泽(固定),81,^0?126\d{6}$
日本-岩见泽(固定),81,^0?1267\d{5}$
日本-石狩/当别町(固定),81,^0?133\d{6}$
日本-小樽(固定),81,^0?134\d{6}$
日本-余市町/岩内町(固定),81,^0?135\d{6}$
日本-俱知安町(固定),81,^0?136\d{6}$
日本-八云町/今金町(固定),81,^0?137\d{6}$
日本-鹿部町(固定),81,^0?1372\d{5}$
日本-森町(固定),81,^0?1374\d{5}$
日本-八云町(固定),81,^0?1377\d{5}$
日本-函馆县(固定),81,^0?138\d{6}$
日本-松前町(固定),81,^0?139\d{6}$
日本-木古内町(固定),81,^0?1392\d{5}$
日本-奥尻町(固定),81,^0?1397\d{5}$
日本-熊石町(固定),81,^0?1398\d{5}$
日本-伊达(固定),81,^0?142\d{6}$
日本-室兰(固定),81,^0?143\d{6}$
日本-苫小牧(固定),81,^0?144\d{6}$
日本-早来町(固定),81,^0?145\d{6}$
日本-纹别富川(固定),81,^0?1456\d{5}$
日本-纹别富川(固定),81,^0?1457\d{5}$
日本-浦河町/静内町(固定),81,^0?146\d{6}$
日本-襟裳町(固定),81,^0?1466\d{5}$
日本-弟子屈町/十胜池田(固定),81,^0?15\d{7}$
日本-网走/斜里/美幌町(固定),81,^0?152\d{6}$
日本-厚岸町/根室/中标津町(固定),81,^0?153\d{6}$
日本-钏路(固定),81,^0?154\d{6}$
日本-白糠町(固定),81,^0?1547\d{5}$
日本-带广市(固定),81,^0?155\d{6}$
日本-广尾(固定),81,^0?1558\d{5}$
日本-本别町/十胜清水(固定),81,^0?156\d{6}$
日本-上士幌町(固定),81,^0?1564\d{5}$
日本-北见(固定),81,^0?157\d{6}$
日本-纹别/远轻町/兴部町(固定),81,^0?158\d{6}$
日本-中湧别(固定),81,^0?1586\d{5}$
日本-中湧别(固定),81,^0?1587\d{5}$
日本-稚内(固定),81,^0?162\d{6}$
日本-北见枝幸/利尻礼文(固定),81,^0?163\d{6}$
日本-天盐町(固定),81,^0?1632\d{5}$
日本-滨顿别町(固定),81,^0?1634\d{5}$
日本-滨顿别町(固定),81,^0?1635\d{5}$
日本-留萌/石狩深川/羽幌町(固定),81,^0?164\d{6}$
日本-焼尻(固定),81,^0?1648\d{5}$
日本-士别(固定),81,^0?165\d{6}$
日本-名寄(固定),81,^0?1654\d{5}$
日本-名寄(固定),81,^0?1655\d{5}$
日本-美深町(固定),81,^0?1656\d{5}$
日本-上川町(固定),81,^0?1658\d{5}$
日本-旭川(固定),81,^0?166\d{6}$
日本-富良野(固定),81,^0?167\d{6}$
日本-青森(固定),81,^0?17\d{7}$
日本-弘前(固定),81,^0?172\d{6}$
日本-五所川原/鲹泽町(固定),81,^0?173\d{6}$
日本-蟹田(固定),81,^0?174\d{6}$
日本-陆奥/野边地町(固定),81,^0?175\d{6}$
日本-十和田(固定),81,^0?176\d{6}$
日本-八户(固定),81,^0?178\d{6}$
日本-三户町(固定),81,^0?179\d{6}$
日本-秋田(固定),81,^0?18\d{7}$
日本-横手(固定),81,^0?182\d{6}$
日本-汤泽町(固定),81,^0?183\d{6}$
日本-本庄(固定),81,^0?184\d{6}$
日本-男鹿(固定),81,^0?185\d{6}$
日本-鹿角/大馆/鷹巣町(固定),81,^0?186\d{6}$
日本-大曲/角館町(固定),81,^0?187\d{6}$
日本-盛冈(固定),81,^0?19\d{7}$
日本-一关(固定),81,^0?191\d{6}$
日本-大船渡(固定),81,^0?192\d{6}$
日本-宫古/釜石(固定),81,^0?193\d{6}$
日本-久慈(固定),81,^0?194\d{6}$
日本-岩手(固定),81,^0?195\d{6}$
日本-水泽/北上(固定),81,^0?197\d{6}$
日本-花卷/远野(固定),81,^0?198\d{6}$
日本-仙台(固定),81,^0?22\d{7}$
日本-挾間町(固定),81,^0?220\d{6}$
日本-岩沼(固定),81,^0?223\d{6}$
日本-大河原町/白石(固定),81,^0?224\d{6}$
日本-石卷(固定),81,^0?225\d{6}$
日本-气仙沼(固定),81,^0?226\d{6}$
日本-月舘町(固定),81,^0?228\d{6}$
日本-古川(固定),81,^0?229\d{6}$
日本-山形(固定),81,^0?23\d{7}$
日本-新庄(固定),81,^0?233\d{6}$
日本-酒田(固定),81,^0?234\d{6}$
日本-鹤冈(固定),81,^0?235\d{6}$
日本-寒河江/村山(固定),81,^0?237\d{6}$
日本-米泽/长井(固定),81,^0?238\d{6}$
日本-福岛(固定),81,^0?24\d{7}$
日本-富冈町(固定),81,^0?240\d{6}$
日本-喜多方/田岛町/会津山口(固定),81,^0?241\d{6}$
日本-会津若松(固定),81,^0?242\d{6}$
日本-二本松(固定),81,^0?243\d{6}$
日本-原町(固定),81,^0?244\d{6}$
日本-磐城(固定),81,^0?246\d{6}$
日本-石川县/三春町(固定),81,^0?247\d{6}$
日本-须贺川/白川村(固定),81,^0?248\d{6}$
日本-新潟(固定),81,^0?25\d{7}$
日本-新津(固定),81,^0?250\d{6}$
日本-新发田/村上/津川町(固定),81,^0?254\d{6}$
日本-荒井(固定),81,^0?255\d{6}$
日本-卷町/三条(固定),81,^0?256\d{6}$
日本-柏崎(固定),81,^0?257\d{6}$
日本-长冈(固定),81,^0?258\d{6}$
日本-佐渡(固定),81,^0?259\d{6}$
日本-长野(固定),81,^0?26\d{7}$
日本-阿南町(固定),81,^0?260\d{6}$
日本-大町(固定),81,^0?261\d{6}$
日本-松本(固定),81,^0?263\d{6}$
日本-木曾福岛(固定),81,^0?264\d{6}$
日本-伊那/饭田(固定),81,^0?265\d{6}$
日本-诹访(固定),81,^0?266\d{6}$
日本-小诸/佐久(固定),81,^0?267\d{6}$
日本-上田(固定),81,^0?268\d{6}$
日本-中野区/饭山(固定),81,^0?269\d{6}$
日本-前桥/高崎(固定),81,^0?27\d{7}$
日本-伊势崎(固定),81,^0?270\d{6}$
日本-富冈町/藤冈(固定),81,^0?274\d{6}$
日本-大田区(固定),81,^0?276\d{6}$
日本-桐生(固定),81,^0?277\d{6}$
日本-沼田(固定),81,^0?278\d{6}$
日本-涩川/长野原町(固定),81,^0?279\d{6}$
日本-宇都宫(固定),81,^0?28\d{7}$
日本-古川(固定),81,^0?280\d{6}$
日本-栃木(固定),81,^0?282\d{6}$
日本-佐野(固定),81,^0?283\d{6}$
日本-室町幕府(固定),81,^0?284\d{6}$
日本-真冈/小山(固定),81,^0?285\d{6}$
日本-黑矶/大田原/鸟山町(固定),81,^0?287\d{6}$
日本-今市(固定),81,^0?288\d{6}$
日本-鹿沼(固定),81,^0?289\d{6}$
日本-水户/土浦(固定),81,^0?29\d{7}$
日本-鉾田(固定),81,^0?291\d{6}$
日本-高萩(固定),81,^0?293\d{6}$
日本-常陆太田(固定),81,^0?294\d{6}$
日本-常陆大宫/大子町(固定),81,^0?295\d{6}$
日本-笠间/下馆(固定),81,^0?296\d{6}$
日本-龙崎/常总(固定),81,^0?297\d{6}$
日本-石冈/潮来(固定),81,^0?299\d{6}$
日本-东京(固定),81,^0?3\d{8}$
日本-所泽/柏市/鸭川(固定),81,^0?4\d{8}$
日本-国分寺/武藏野/立川(固定),81,^0?42\d{7}$
日本-武藏野(固定),81,^0?422\d{6}$
日本-青梅(固定),81,^0?428\d{6}$
日本-千叶县(固定),81,^0?43\d{7}$
日本-市川(固定),81,^0?436\d{6}$
日本-木更津(固定),81,^0?438\d{6}$
日本-木更津(固定),81,^0?439\d{6}$
日本-川崎(固定),81,^0?44\d{7}$
日本-横滨(固定),81,^0?45\d{7}$
日本-厚木/横须贺(固定),81,^0?46\d{7}$
日本-小田原(固定),81,^0?460\d{6}$
日本-平冢(固定),81,^0?463\d{6}$
日本-小田原(固定),81,^0?465\d{6}$
日本-藤泽(固定),81,^0?466\d{6}$
日本-藤泽(固定),81,^0?467\d{6}$
日本-市川/船桥(固定),81,^0?47\d{7}$
日本-立山町/大原(固定),81,^0?470\d{6}$
日本-东金/茂原(固定),81,^0?475\d{6}$
日本-成田(固定),81,^0?476\d{6}$
日本-佐原(固定),81,^0?478\d{6}$
日本-铫子/四日市(固定),81,^0?479\d{6}$
日本-浦和/川口/熊谷(固定),81,^0?48\d{7}$
日本-久喜(固定),81,^0?480\d{6}$
日本-川越(固定),81,^0?49\d{7}$
日本-东松山(固定),81,^0?493\d{6}$
日本-秩父(固定),81,^0?494\d{6}$
日本-本庄(固定),81,^0?495\d{6}$
日本-伊豆大岛(固定),81,^0?4992\d{5}$
日本-三宅村(固定),81,^0?4994\d{5}$
日本-八丈岛(固定),81,^0?4996\d{5}$
日本-小笠原群岛(固定),81,^0?4998\d{5}$
日本-名古屋(固定),81,^0?52\d{7}$
日本-滨松(固定),81,^0?53\d{7}$
日本-田原(固定),81,^0?531\d{6}$
日本-丰桥(固定),81,^0?532\d{6}$
日本-丰桥(固定),81,^0?533\d{6}$
日本-新城/设乐町(固定),81,^0?536\d{6}$
日本-挂川(固定),81,^0?537\d{6}$
日本-磐田(固定),81,^0?538\d{6}$
日本-天龙(固定),81,^0?539\d{6}$
日本-静冈(固定),81,^0?54\d{7}$
日本-富士宫(固定),81,^0?544\d{6}$
日本-富士(固定),81,^0?545\d{6}$
日本-岛田(固定),81,^0?547\d{6}$
日本-榛原町(固定),81,^0?548\d{6}$
日本-甲府/沼津(固定),81,^0?55\d{7}$
日本-御殿场(固定),81,^0?550\d{6}$
日本-韭崎(固定),81,^0?551\d{6}$
日本-山梨(固定),81,^0?553\d{6}$
日本-大月(固定),81,^0?554\d{6}$
日本-吉田町(固定),81,^0?555\d{6}$
日本-加治川青柳(固定),81,^0?556\d{6}$
日本-伊东(固定),81,^0?557\d{6}$
日本-修善寺大仁/下田(固定),81,^0?558\d{6}$
日本-濑户(固定),81,^0?561\d{6}$
日本-尾张横须贺(固定),81,^0?562\d{6}$
日本-西尾(固定),81,^0?563\d{6}$
日本-冈崎(固定),81,^0?564\d{6}$
日本-丰田(固定),81,^0?565\d{6}$
日本-刈谷(固定),81,^0?566\d{6}$
日本-对马(固定),81,^0?567\d{6}$
日本-春日井(固定),81,^0?568\d{6}$
日本-半田(固定),81,^0?569\d{6}$
日本-多治见(固定),81,^0?572\d{6}$
日本-惠那(固定),81,^0?573\d{6}$
日本-美浓加茂/白川町(固定),81,^0?574\d{6}$
日本-关市/郡上八幡(固定),81,^0?575\d{6}$
日本-下吕(固定),81,^0?576\d{6}$
日本-荘川(固定),81,^0?5769\d{5}$
日本-高山(固定),81,^0?577\d{6}$
日本-飞驒(固定),81,^0?578\d{6}$
日本-岐阜(固定),81,^0?58\d{7}$
日本-高富(固定),81,^0?581\d{6}$
日本-大垣(固定),81,^0?584\d{6}$
日本-揖斐川町(固定),81,^0?585\d{6}$
日本-一宫(固定),81,^0?586\d{6}$
日本-一宫(固定),81,^0?587\d{6}$
日本-津市/四日市(固定),81,^0?59\d{7}$
日本-桑名(固定),81,^0?594\d{6}$
日本-上野/龟山(固定),81,^0?595\d{6}$
日本-伊势(固定),81,^0?596\d{6}$
日本-尾鹫/熊野古道(固定),81,^0?597\d{6}$
日本-熊野古道(固定),81,^0?5979\d{5}$
日本-松阪(固定),81,^0?598\d{6}$
日本-鸟羽/英虞(固定),81,^0?599\d{6}$
日本-大阪(固定),81,^0?6\d{8}$
日本-寝屋川/堺市/贝冢(固定),81,^0?72\d{7}$
日本-富田林(固定),81,^0?721\d{6}$
日本-和泉(固定),81,^0?725\d{6}$
日本-和歌山(固定),81,^0?73\d{7}$
日本-新宫/串本町(固定),81,^0?735\d{6}$
日本-岩出/桥本(固定),81,^0?736\d{6}$
日本-汤浅町(固定),81,^0?737\d{6}$
日本-御坊(固定),81,^0?738\d{6}$
日本-田边(固定),81,^0?739\d{6}$
日本-今津町(固定),81,^0?740\d{6}$
日本-奈良(固定),81,^0?742\d{6}$
日本-奈良(固定),81,^0?743\d{6}$
日本-大和高田(固定),81,^0?744\d{6}$
日本-大和高田/大和榛原(固定),81,^0?745\d{6}$
日本-吉野町/十津川村(固定),81,^0?746\d{6}$
日本-上北山村(固定),81,^0?7468\d{5}$
日本-五条/下市町(固定),81,^0?747\d{6}$
日本-八日市/水口町(固定),81,^0?748\d{6}$
日本-彦根/长滨(固定),81,^0?749\d{6}$
日本-京都(固定),81,^0?75\d{7}$
日本-金泽/富山(固定),81,^0?76\d{7}$
日本-小松/加贺(固定),81,^0?761\d{6}$
日本-福野町(固定),81,^0?763\d{6}$
日本-鱼津(固定),81,^0?765\d{6}$
日本-高冈(固定),81,^0?766\d{6}$
日本-七尾/羽咋(固定),81,^0?767\d{6}$
日本-轮岛/能登町(固定),81,^0?768\d{6}$
日本-大津(固定),81,^0?77\d{7}$
日本-敦贺/小滨(固定),81,^0?770\d{6}$
日本-龟冈/園部町(固定),81,^0?771\d{6}$
日本-宫津/峰山藩(固定),81,^0?772\d{6}$
日本-福知山/舞鹤(固定),81,^0?773\d{6}$
日本-宇治(固定),81,^0?774\d{6}$
日本-福井县(固定),81,^0?776\d{6}$
日本-武生(固定),81,^0?778\d{6}$
日本-小野町(固定),81,^0?779\d{6}$
日本-神户(固定),81,^0?78\d{7}$
日本-姬路/加古川/三田(固定),81,^0?79\d{7}$
日本-播磨山崎/福崎町(固定),81,^0?790\d{6}$
日本-龙野/相生(固定),81,^0?791\d{6}$
日本-三木(固定),81,^0?794\d{6}$
日本-西胁/丹波柏原(固定),81,^0?795\d{6}$
日本-丰冈/滨坂(固定),81,^0?796\d{6}$
日本-西宫(固定),81,^0?797\d{6}$
日本-西宫(固定),81,^0?798\d{6}$
日本-洲本/津名町(固定),81,^0?799\d{6}$
日本-广岛/东广岛(固定),81,^0?82\d{7}$
日本-柳井/久贺(固定),81,^0?820\d{6}$
日本-吴市(固定),81,^0?823\d{6}$
日本-三好/庄原(固定),81,^0?824\d{6}$
日本-千代田町/秋吉台/加计(固定),81,^0?826\d{6}$
日本-岩国(固定),81,^0?827\d{6}$
日本-廿日市(固定),81,^0?829\d{6}$
日本-下关/山口(固定),81,^0?83\d{7}$
日本-下松(固定),81,^0?833\d{6}$
日本-德山(固定),81,^0?834\d{6}$
日本-防府(固定),81,^0?835\d{6}$
日本-宇部(固定),81,^0?836\d{6}$
日本-长门(固定),81,^0?837\d{6}$
日本-萩市(固定),81,^0?838\d{6}$
日本-玉川(固定),81,^0?8387\d{5}$
日本-玉川(固定),81,^0?8388\d{5}$
日本-山口(固定),81,^0?8396\d{5}$
日本-尾道/福山(固定),81,^0?84\d{7}$
日本-因岛(固定),81,^0?845\d{6}$
日本-竹原/木江町(固定),81,^0?846\d{6}$
日本-府中/科赞/东城町(固定),81,^0?847\d{6}$
日本-东城町(固定),81,^0?8477\d{5}$
日本-尾道(固定),81,^0?848\d{6}$
日本-西乡町(固定),81,^0?8512\d{5}$
日本-海部(固定),81,^0?8514\d{5}$
日本-松江(固定),81,^0?852\d{6}$
日本-出云(固定),81,^0?853\d{6}$
日本-安来/木次/掛合町(固定),81,^0?854\d{6}$
日本-滨田/江津/川本町(固定),81,^0?855\d{6}$
日本-益田/津和野町(固定),81,^0?856\d{6}$
日本-鸟取(固定),81,^0?857\d{6}$
日本-上毛町/仓吉(固定),81,^0?858\d{6}$
日本-米子(固定),81,^0?859\d{6}$
日本-赤磐/仓敷/冈山(固定),81,^0?86\d{7}$
日本-玉野(固定),81,^0?863\d{6}$
日本-鸭方町/笠冈(固定),81,^0?865\d{6}$
日本-高梁/井原/总社(固定),81,^0?866\d{6}$
日本-新见/鸭川/久世(固定),81,^0?867\d{6}$
日本-津山/美作(固定),81,^0?868\d{6}$
日本-备前/尾久(固定),81,^0?869\d{6}$
日本-高松(固定),81,^0?87\d{7}$
日本-观音寺(固定),81,^0?875\d{6}$
日本-丸龟(固定),81,^0?877\d{6}$
日本-三本松/土庄町(固定),81,^0?879\d{6}$
日本-德岛/高知(固定),81,^0?88\d{7}$
日本-移动-NTTDocomo,81,^0?[789]0\d{8}$
日本-移动-KDDI(au),81,^0?[789]0\d{8}$
日本-移动-SoftBank,81,^0?[789]0\d{8}$
美国-新泽西州,1,^201\d{7}$
美国-华盛顿哥伦比亚特区,1,^202\d{7}$
美国-康乃狄克州,1,^203\d{7}$
美国-阿拉巴马州,1,^205\d{7}$
美国-华盛顿州,1,^206\d{7}$
美国-缅因州,1,^207\d{7}$
美国-爱德荷州,1,^208\d{7}$
美国-加利福尼亚州,1,^209\d{7}$
美国-德克萨斯州,1,^210\d{7}$
美国-纽约州(曼哈顿),1,^212\d{7}$
美国-加利福尼亚州(洛杉矶市中心),1,^213\d{7}$
美国-德克萨斯州(达拉斯),1,^214\d{7}$
美国-宾夕法尼亚州(费城),1,^215\d{7}$
美国-俄亥俄州(克里夫兰),1,^216\d{7}$
美国-伊利诺州,1,^217\d{7}$
美国-明尼苏达州,1,^218\d{7}$
美国-印第安纳州,1,^219\d{7}$
美国-俄亥俄州(纽瓦克),1,^220\d{7}$
美国-伊利诺州(芝加哥西北郊),1,^224\d{7}$
美国-路易斯安那州,1,^225\d{7}$
美国-密西西比州,1,^228\d{7}$
美国-佐治亚州,1,^229\d{7}$
美国-密歇根州,1,^231\d{7}$
美国-俄亥俄州,1,^234\d{7}$
美国-佛罗里达州,1,^239\d{7}$
美国-马里兰州,1,^240\d{7}$
美国-密歇根州(底特律西北郊),1,^248\d{7}$
美国-华盛顿州(塔科马),1,^253\d{7}$
美国-德克萨斯州,1,^254\d{7}$
美国-阿拉巴马州,1,^256\d{7}$
美国-印第安纳州,1,^260\d{7}$
美国-威斯康辛州,1,^262\d{7}$
美国-宾夕法尼亚州(费城),1,^267\d{7}$
美国-密歇根州,1,^269\d{7}$
美国-肯塔基州,1,^270\d{7}$
美国-宾夕法尼亚州(斯克兰顿),1,^272\d{7}$
美国-维吉尼亚州,1,^276\d{7}$
美国-德克萨斯州(休斯顿),1,^281\d{7}$
美国-德拉瓦州,1,^302\d{7}$
美国-科罗拉多州,1,^303\d{7}$
美国-西维吉尼亚州,1,^304\d{7}$
美国-佛罗里达州(迈阿密),1,^305\d{7}$
美国-怀俄明州,1,^307\d{7}$
美国-内布拉斯加州,1,^308\d{7}$
美国-伊利诺州,1,^309\d{7}$
美国-加利福尼亚州(洛杉矶西郊),1,^310\d{7}$
美国-伊利诺州(芝加哥市中心),1,^312\d{7}$
美国-密歇根州(底特律),1,^313\d{7}$
美国-密苏里州(圣路易斯),1,^314\d{7}$
美国-纽约州,1,^315\d{7}$
美国-堪萨斯州,1,^316\d{7}$
美国-印第安纳州(印第安纳波利斯),1,^317\d{7}$
美国-路易斯安那州,1,^318\d{7}$
美国-艾奥瓦州,1,^319\d{7}$
美国-明尼苏达州,1,^320\d{7}$
美国-佛罗里达州(奥兰多),1,^321\d{7}$
美国-加利福尼亚州(洛杉矶),1,^323\d{7}$
美国-德克萨斯州,1,^325\d{7}$
美国-俄亥俄州,1,^330\d{7}$
美国-阿拉巴马州,1,^334\d{7}$
美国-北卡罗莱那州,1,^336\d{7}$
美国-路易斯安那州,1,^337\d{7}$
美国-麻萨诸塞州,1,^339\d{7}$
美国-维尔京群岛,1,^340\d{7}$
美国-德克萨斯州,1,^346\d{7}$
美国-纽约州(纽约市),1,^347\d{7}$
美国-麻萨诸塞州,1,^351\d{7}$
美国-佛罗里达州,1,^352\d{7}$
美国-华盛顿州,1,^360\d{7}$
美国-德克萨斯州,1,^361\d{7}$
美国-肯塔基州,1,^364\d{7}$
美国-俄亥俄州,1,^380\d{7}$
美国-犹他州,1,^385\d{7}$
美国-佛罗里达州,1,^386\d{7}$
美国-罗德岛州,1,^401\d{7}$
美国-内布拉斯加州,1,^402\d{7}$
美国-佐治亚州(亚特兰大),1,^404\d{7}$
美国-奥克拉荷马州,1,^405\d{7}$
美国-蒙大拿州,1,^406\d{7}$
美国-加利福尼亚州(圣何塞),1,^408\d{7}$
美国-德克萨斯州,1,^409\d{7}$
美国-马里兰州,1,^410\d{7}$
美国-宾夕法尼亚州(匹兹堡),1,^412\d{7}$
美国-麻萨诸塞州,1,^413\d{7}$
美国-威斯康辛州(密尔沃基),1,^414\d{7}$
美国-加利福尼亚州(旧金山),1,^415\d{7}$
美国-密苏里州,1,^417\d{7}$
美国-俄亥俄州,1,^419\d{7}$
美国-田纳西州,1,^423\d{7}$
美国-加利福尼亚州,1,^424\d{7}$
美国-华盛顿州(西雅图北郊),1,^425\d{7}$
美国-德克萨斯州,1,^430\d{7}$
美国-德克萨斯州,1,^432\d{7}$
美国-维吉尼亚州,1,^434\d{7}$
美国-犹他州,1,^435\d{7}$
美国-俄亥俄州,1,^440\d{7}$
美国-加利福尼亚州,1,^442\d{7}$
美国-马里兰州,1,^443\d{7}$
美国-宾夕法尼亚州(费城),1,^445\d{7}$
美国-俄勒冈州,1,^458\d{7}$
美国-印第安纳州,1,^463\d{7}$
美国-德克萨斯州(达拉斯),1,^469\d{7}$
美国-佐治亚州(亚特兰大),1,^470\d{7}$
美国-康乃狄克州,1,^475\d{7}$
美国-佐治亚州,1,^478\d{7}$
美国-阿肯色州,1,^479\d{7}$
美国-亚利桑那州,1,^480\d{7}$
美国-宾夕法尼亚州,1,^484\d{7}$
美国-阿肯色州,1,^501\d{7}$
美国-肯塔基州,1,^502\d{7}$
美国-奥勒冈州,1,^503\d{7}$
美国-路易斯安那州(新奥尔良),1,^504\d{7}$
美国-新墨西哥州,1,^505\d{7}$
美国-明尼苏达州,1,^507\d{7}$
美国-麻萨诸塞州,1,^508\d{7}$
美国-华盛顿州(东部),1,^509\d{7}$
美国-加利福尼亚州(奥克兰),1,^510\d{7}$
美国-德克萨斯州(奥斯汀),1,^512\d{7}$
美国-俄亥俄州(辛辛那提),1,^513\d{7}$
美国-艾奥瓦州,1,^515\d{7}$
美国-纽约州(拿骚县),1,^516\d{7}$
美国-密歇根州,1,^517\d{7}$
美国-纽约州,1,^518\d{7}$
美国-亚历桑那州,1,^520\d{7}$
美国-加利福尼亚州,1,^530\d{7}$
美国-内布拉斯加州,1,^531\d{7}$
美国-威斯康辛州,1,^534\d{7}$
美国-俄克拉荷马州,1,^539\d{7}$
美国-维吉尼亚州,1,^540\d{7}$
美国-奥勒冈州,1,^541\d{7}$
美国-新泽西州,1,^551\d{7}$
美国-加利福尼亚州(弗雷斯诺),1,^559\d{7}$
美国-佛罗里达州,1,^561\d{7}$
美国-加利福尼亚州(长滩),1,^562\d{7}$
美国-艾奥瓦州,1,^563\d{7}$
美国-俄亥俄州,1,^567\d{7}$
美国-宾夕法尼亚州,1,^570\d{7}$
美国-维吉尼亚州,1,^571\d{7}$
美国-密苏里州,1,^573\d{7}$
美国-印第安纳州,1,^574\d{7}$
美国-新墨西哥州,1,^575\d{7}$
美国-奥克拉荷马州,1,^580\d{7}$
美国-纽约州,1,^585\d{7}$
美国-密歇根州,1,^586\d{7}$
美国-密西西比州,1,^601\d{7}$
美国-亚利桑那州(凤凰城),1,^602\d{7}$
美国-新罕布什尔州,1,^603\d{7}$
美国-南达科他州,1,^605\d{7}$
美国-肯塔基州,1,^606\d{7}$
美国-纽约州,1,^607\d{7}$
美国-威斯康辛州,1,^608\d{7}$
美国-新泽西州,1,^609\d{7}$
美国-宾夕法尼亚州,1,^610\d{7}$
美国-明尼苏达州(明尼阿波利斯),1,^612\d{7}$
美国-俄亥俄州(哥伦布),1,^614\d{7}$
美国-田纳西州(纳什维尔),1,^615\d{7}$
美国-密歇根州,1,^616\d{7}$
美国-麻萨诸塞州(波士顿),1,^617\d{7}$
美国-伊利诺州,1,^618\d{7}$
美国-加利福尼亚州(圣地亚哥),1,^619\d{7}$
美国-堪萨斯州,1,^620\d{7}$
美国-亚利桑那州,1,^623\d{7}$
美国-加利福尼亚州(洛杉矶东郊),1,^626\d{7}$
美国-加利福尼亚州,1,^628\d{7}$
美国-田纳西州,1,^629\d{7}$
美国-伊利诺州(芝加哥西郊),1,^630\d{7}$
美国-纽约州(萨福克县),1,^631\d{7}$
美国-密苏里州,1,^636\d{7}$
美国-艾奥瓦州,1,^641\d{7}$
美国-纽约州(曼哈顿),1,^646\d{7}$
美国-加利福尼亚州,1,^650\d{7}$
美国-明尼苏达州,1,^651\d{7}$
美国-加利福尼亚州,1,^657\d{7}$
美国-密苏里州,1,^660\d{7}$
美国-加利福尼亚州,1,^661\d{7}$
美国-密西西比州,1,^662\d{7}$
美国-马里兰州,1,^667\d{7}$
美国-加利福尼亚州,1,^669\d{7}$
美国-马里亚纳群岛,1,^670\d{7}$
美国-关岛,1,^671\d{7}$
美国-佐治亚州(亚特兰大),1,^678\d{7}$
美国-纽约州,1,^680\d{7}$
美国-西维吉尼亚州,1,^681\d{7}$
美国-德克萨斯州(沃斯堡),1,^682\d{7}$
美国-东萨摩亚,1,^684\d{7}$
美国-北达科他州,1,^701\d{7}$
美国-内华达州(拉斯维加斯),1,^702\d{7}$
美国-维吉尼亚州,1,^703\d{7}$
美国-北卡罗莱那州(夏洛特),1,^704\d{7}$
美国-佐治亚州,1,^706\d{7}$
美国-加利福尼亚州,1,^707\d{7}$
美国-伊利诺州(芝加哥南郊),1,^708\d{7}$
美国-艾奥瓦州,1,^712\d{7}$
美国-德克萨斯州(休斯顿),1,^713\d{7}$
美国-加利福尼亚州(橙县),1,^714\d{7}$
美国-威斯康辛州,1,^715\d{7}$
美国-纽约州(布法罗),1,^716\d{7}$
美国-宾夕法尼亚州,1,^717\d{7}$
美国-纽约州(纽约市),1,^718\d{7}$
美国-科罗拉多州,1,^719\d{7}$
美国-科罗拉多州,1,^720\d{7}$
美国-宾夕法尼亚州,1,^724\d{7}$
美国-内华达州,1,^725\d{7}$
美国-佛罗里达州,1,^727\d{7}$
美国-田纳西州,1,^731\d{7}$
美国-新泽西州,1,^732\d{7}$
美国-密歇根州,1,^734\d{7}$
美国-德克萨斯州,1,^737\d{7}$
美国-俄亥俄州,1,^740\d{7}$
美国-北卡罗来纳州,1,^743\d{7}$
美国-加利福尼亚州,1,^747\d{7}$
美国-佛罗里达州,1,^754\d{7}$
美国-维吉尼亚州,1,^757\d{7}$
美国-加利福尼亚州,1,^760\d{7}$
美国-佐治亚州,1,^762\d{7}$
美国-明尼苏达州,1,^763\d{7}$
美国-印第安纳州,1,^765\d{7}$
美国-密西西比州,1,^769\d{7}$
美国-佐治亚州,1,^770\d{7}$
美国-佛罗里达州,1,^772\d{7}$
美国-伊利诺州(芝加哥),1,^773\d{7}$
美国-麻萨诸塞州,1,^774\d{7}$
美国-内华达州,1,^775\d{7}$
美国-加利福尼亚州,1,^779\d{7}$
美国-堪萨斯州,1,^785\d{7}$
美国-佛罗里达州(迈阿密),1,^786\d{7}$
美国-波多黎各,1,^787\d{7}$
美国-犹他州,1,^801\d{7}$
美国-佛蒙特州,1,^802\d{7}$
美国-南卡罗来纳州,1,^803\d{7}$
美国-维吉尼亚州(里士满),1,^804\d{7}$
美国-加利福尼亚州,1,^805\d{7}$
美国-德克萨斯州,1,^806\d{7}$
美国-夏威夷,1,^808\d{7}$
美国-密歇根州,1,^810\d{7}$
美国-印第安纳州,1,^812\d{7}$
美国-佛罗里达州(坦帕),1,^813\d{7}$
美国-宾夕法尼亚州,1,^814\d{7}$
美国-伊利诺州,1,^815\d{7}$
美国-密苏里州(堪萨斯城),1,^816\d{7}$
美国-德克萨斯州(沃斯堡),1,^817\d{7}$
美国-加利福尼亚州(洛杉矶北郊),1,^818\d{7}$
美国-北卡罗莱那州,1,^828\d{7}$
美国-德克萨斯州,1,^830\d{7}$
美国-加利福尼亚州,1,^831\d{7}$
美国-德克萨斯州(休斯顿),1,^832\d{7}$
美国-宾夕法尼亚州,1,^835\d{7}$
美国-南卡罗来纳州,1,^843\d{7}$
美国-纽约州,1,^845\d{7}$
美国-伊利诺州,1,^847\d{7}$
美国-新泽西州,1,^848\d{7}$
美国-佛罗里达州,1,^850\d{7}$
美国-南卡罗来纳州,1,^854\d{7}$
美国-新泽西州,1,^856\d{7}$
美国-麻萨诸塞州(波士顿),1,^857\d{7}$
美国-加利福尼亚州(圣地亚哥北郊),1,^858\d{7}$
美国-肯塔基州,1,^859\d{7}$
美国-康乃狄克州,1,^860\d{7}$
美国-新泽西州,1,^862\d{7}$
美国-佛罗里达州,1,^863\d{7}$
美国-南卡罗来纳州,1,^864\d{7}$
美国-田纳西州(诺克斯维尔),1,^865\d{7}$
美国-阿肯色州,1,^870\d{7}$
美国-伊利诺州,1,^872\d{7}$
美国-宾夕法尼亚州(匹兹堡),1,^878\d{7}$
美国-田纳西州(孟菲斯),1,^901\d{7}$
美国-德克萨斯州,1,^903\d{7}$
美国-佛罗里达州(杰克逊维尔),1,^904\d{7}$
美国-密歇根州,1,^906\d{7}$
美国-阿拉斯加,1,^907\d{7}$
美国-新泽西州,1,^908\d{7}$
美国-加利福尼亚州(圣贝纳迪诺),1,^909\d{7}$
美国-北卡罗莱那州,1,^910\d{7}$
美国-佐治亚州,1,^912\d{7}$
美国-堪萨斯州,1,^913\d{7}$
美国-纽约州(威斯特彻斯特县),1,^914\d{7}$
美国-德克萨斯州(埃尔帕索),1,^915\d{7}$
美国-加利福尼亚州(萨克拉门托),1,^916\d{7}$
美国-纽约市,1,^917\d{7}$
美国-俄克拉荷马州,1,^918\d{7}$
美国-北卡罗莱那州(罗利),1,^919\d{7}$
美国-威斯康辛州,1,^920\d{7}$
美国-加利福尼亚州,1,^925\d{7}$
美国-亚利桑那州,1,^928\d{7}$
美国-纽约州,1,^929\d{7}$
美国-印第安纳州,1,^930\d{7}$
美国-田纳西州,1,^931\d{7}$
美国-纽约州,1,^934\d{7}$
美国-德克萨斯州,1,^936\d{7}$
美国-俄亥俄州,1,^937\d{7}$
美国-阿拉巴马州,1,^938\d{7}$
美国-波多黎各,1,^939\d{7}$
美国-德克萨斯州,1,^940\d{7}$
美国-佛罗里达州,1,^941\d{7}$
美国-密歇根州,1,^947\d{7}$
美国-加利福尼亚州(橙县南部),1,^949\d{7}$
美国-加利福尼亚州(河滨),1,^951\d{7}$
美国-明尼苏达州,1,^952\d{7}$
美国-佛罗里达州,1,^954\d{7}$
美国-德克萨斯州,1,^956\d{7}$
美国-康乃狄克州,1,^959\d{7}$
美国-科罗拉多州,1,^970\d{7}$
美国-俄勒冈州,1,^971\d{7}$
美国-德克萨斯州(达拉斯),1,^972\d{7}$
美国-新泽西州,1,^973\d{7}$
美国-麻萨诸塞州,1,^978\d{7}$
美国-德克萨斯州,1,^979\d{7}$
美国-北卡罗莱那州(夏洛特),1,^980\d{7}$
美国-北卡罗来纳州,1,^984\d{7}$
美国-路易斯安那州,1,^985\d{7}$
美国-密歇根州,1,^989\d{7}$
美国-免费电话,1,^800\d{7}$
哥伦比亚-亚马孙(固定),57,^8\d{7}$
哥伦比亚-安提奥基亚(固定),57,^4\d{7}$
哥伦比亚-阿劳卡(固定),57,^7\d{7}$
哥伦比亚-大西洋(固定),57,^5\d{7}$
哥伦比亚-博利瓦尔(固定),57,^5\d{7}$
哥伦比亚-博亚卡(固定),57,^8\d{7}$
哥伦比亚-卡尔达斯(固定),57,^6\d{7}$
哥伦比亚-卡克塔(固定),57,^8\d{7}$
哥伦比亚-卡萨纳雷(固定),57,^8\d{7}$
哥伦比亚-考卡(固定),57,^2\d{7}$
哥伦比亚-塞萨尔(固定),57,^5\d{7}$
哥伦比亚-乔科(固定),57,^4\d{7}$
哥伦比亚-科尔多巴(固定),57,^4\d{7}$
哥伦比亚-昆迪纳马卡(波哥大)(固定),57,^1\d{7}$
哥伦比亚-瓜伊尼亚(固定),57,^8\d{7}$
哥伦比亚-瓜维亚雷(固定),57,^8\d{7}$
哥伦比亚-乌伊拉(固定),57,^8\d{7}$
哥伦比亚-瓜希拉(固定),57,^5\d{7}$
哥伦比亚-马格达雷那(固定),57,^5\d{7}$
哥伦比亚-梅塔(固定),57,^8\d{7}$
哥伦比亚-纳里尼奥(固定),57,^2\d{7}$
哥伦比亚-北桑坦德(固定),57,^7\d{7}$
哥伦比亚-普图马约(固定),57,^8\d{7}$
哥伦比亚-金迪奥(固定),57,^6\d{7}$
哥伦比亚-利萨拉尔达(固定),57,^6\d{7}$
哥伦比亚-圣安德烈斯-普罗维登西亚(固定),57,^8\d{7}$
哥伦比亚-桑坦德(固定),57,^7\d{7}$
哥伦比亚-苏克雷(固定),57,^5\d{7}$
哥伦比亚-托利马(固定),57,^8\d{7}$
哥伦比亚-考卡山谷(固定),57,^2\d{7}$
哥伦比亚-沃佩斯(固定),57,^8\d{7}$
哥伦比亚-维查达(固定),57,^8\d{7}$
哥伦比亚-手机-Ola,57,^30[01]\d{7}$
哥伦比亚-手机-Comcel,57,^31[012]\d{7}$
哥伦比亚-手机-Movistar,57,^31[56]\d{7}$
哥伦比亚-移动-COLOMBIAMOVILPCS3002000000-5999999,57,^300(2[0-9]\d{5}|[3-5]\d{6})$
哥伦比亚-移动-COLOMBIAMOVILPCS3006000000-7999999,57,^300[6-7]\d{6}$
哥伦比亚-移动-COLOMBIAMOVILPCS3008000000-8999999,57,^3008\d{6}$
哥伦比亚-移动-COLOMBIAMOVILPCS3009100000-9399999,57,^3009[1-3]\d{5}$
哥伦比亚-移动-COMCEL3102000000-2999999,57,^3102\d{6}$
哥伦比亚-移动-COMCEL3103000000-3599999,57,^3103[0-5]\d{5}$
哥伦比亚-移动-CELCARIBE3103600000-3699999,57,^31036\d{5}$
哥伦比亚-移动-OCCEL3103700000-3999999,57,^310(3[7-9]\d{5}|4[0-6]\d{5}|475\d{4})$
哥伦比亚-移动-COMCEL3104760000-4869999,57,^3104(7[6-9]\d{4}|8[0-6]\d{4})$
哥伦比亚-移动-OCCEL3104870000-4879999,57,^310487\d{4}$
哥伦比亚-移动-COMCEL3104880000-4889999,57,^310488\d{4}$
哥伦比亚-移动-OCCEL3104890000-4999999,57,^3104(89\d{4}|9\d{5})$
哥伦比亚-移动-OCCEL3105000000-5499999,57,^3105[0-4]\d{5}$
哥伦比亚-移动-COMCEL3105500000-5899999,57,^3105[5-8]\d{5}$
哥伦比亚-移动-OCCEL3105900000-5999999,57,^31059\d{5}$
哥伦比亚-移动-CELCARIBE3106000000-6069999,57,^31060[0-6]\d{4}$
哥伦比亚-移动-COMCEL3106070000-6099999,57,^31060[7-9]\d{4}$
哥伦比亚-移动-CELCARIBE3106100000-6129999,57,^31061[0-2]\d{4}$
哥伦比亚-移动-COMCEL3106130000-6139999,57,^310613\d{4}$
哥伦比亚-移动-CELCARIBE3106140000-6179999,57,^31061[4-7]\d{4}$
哥伦比亚-移动-COMCEL3106180000-6199999,57,^31061[8-9]\d{4}$
哥伦比亚-移动-CELCARIBE3106200000-6249999,57,^31062[0-4]\d{4}$
哥伦比亚-移动-COMCEL3106250000-6259999,57,^310625\d{4}$
哥伦比亚-移动-CELCARIBE3106260000-6279999,57,^31062[6-7]\d{4}$
哥伦比亚-移动-COMCEL3106280000-6299999,57,^31062[8-9]\d{4}$
哥伦比亚-移动-CELCARIBE3106300000-6489999,57,^3106[3-4]\d{5}$
哥伦比亚-移动-COMCEL3106490000-6499999,57,^310649\d{4}$
哥伦比亚-移动-CELCARIBE3106500000-6659999,57,^3106[5-6]\d{5}$
哥伦比亚-移动-COMCEL3106660000-6669999,57,^310666\d{4}$
哥伦比亚-移动-CELCARIBE3106670000-6689999,57,^31066[7-8]\d{4}$
哥伦比亚-移动-COMCEL3106690000-6699999,57,^310669\d{4}$
哥伦比亚-移动-CELCARIBE3106700000-6729999,57,^31067[0-2]\d{4}$
哥伦比亚-移动-COMCEL3106730000-6749999,57,^31067[3-4]\d{4}$
哥伦比亚-移动-CELCARIBE3106750000-6769999,57,^31067[5-6]\d{4}$
哥伦比亚-移动-COMCEL3106770000-6809999,57,^31067[7-9]\d{4}|^310680\d{4}$
哥伦比亚-移动-CELCARIBE3106810000-6869999,57,^31068[1-6]\d{4}$
哥伦比亚-移动-COMCEL3106870000-6899999,57,^31068[7-9]\d{4}$
哥伦比亚-移动-CELCARIBE3106900000-6949999,57,^31069[0-4]\d{4}$
哥伦比亚-移动-COMCEL3106950000-6999999,57,^31069[5-9]\d{4}$
哥伦比亚-移动-COMCEL3107620000-7699999,57,^31076[2-9]\d{4}$
哥伦比亚-移动-COMCEL3107700000-8199999,57,^310(77\d{5}|7[8-9]\d{5}|8[0-1]\d{5})$
哥伦比亚-移动-OCCEL3108200000-8499999,57,^3108[2-4]\d{5}$
哥伦比亚-移动-COMCEL3108500000-8890000,57,^3108[5-8]\d{5}$
哥伦比亚-移动-OCCEL3108900000-8999999,57,^31089\d{5}$
哥伦比亚-移动-OCCEL3109100000-9199999,57,^31091\d{5}$
哥伦比亚-移动-COMCEL3109200000-9279999,57,^31092[0-7]\d{4}$
哥伦比亚-移动-COMCEL3112000000-2999999,57,^3112\d{6}$
哥伦比亚-移动-OCCEL3113000000-3999999,57,^3113\d{6}$
哥伦比亚-移动-CELCARIBE3114000000-4999999,57,^3114\d{6}$
哥伦比亚-移动-CELCARIBE3115000000-7999999,57,^311[5-7]\d{6}$
哥伦比亚-移动-CELCARIBE3118000000-8999999,57,^3118\d{6}$
哥伦比亚-移动-COMCEL3122000000-9999999,57,^312[2-9]\d{6}$
哥伦比亚-移动-COMCEL3132000000-2999999,57,^3132\d{6}$
哥伦比亚-移动-TelefonicaOrigen3152000000-2999999,57,^3152\d{6}$
哥伦比亚-移动-TelefonicaOrigen3153000000-3999999,57,^3153\d{6}$
哥伦比亚-移动-COCELCO3154000000-4999999,57,^3154\d{6}$
哥伦比亚-移动-COCELCO3155000000-5449999,57,^3155[0-4]\d{5}$
哥伦比亚-移动-TelefonicaOrigen3155450000-5459999,57,^315545\d{4}$
哥伦比亚-移动-COCELCO3155460000-5869999,57,^3155(4[6-9]\d{4}|[6-8]\d{5})$
哥伦比亚-移动-TelefonicaOrigen3155870000-5899999,57,^31558[7-9]\d{4}$
哥伦比亚-移动-COCELCO3155900000-5919999,57,^31559[0-1]\d{4}$
哥伦比亚-移动-TelefonicaOrigen3155920000-5959999,57,^31559[2-5]\d{4}$
哥伦比亚-移动-COCELCO3155960000-5999999,57,^31559[6-9]\d{4}$
哥伦比亚-移动-TelefonicaOrigen3156000000-6499999,57,^3156[0-4]\d{5}$
哥伦比亚-移动-COCELCO3156500000-6799999,57,^3156[5-7]\d{5}$
哥伦比亚-移动-TelefonicaCosta3156800000-6999999,57,^3156[8-9]\d{5}$
哥伦比亚-移动-TelefonicaCosta3157000000-7799999,57,^3157[0-7]\d{5}$
哥伦比亚-移动-TelefonicaOrigen3157800000-8999999,57,^315[7-8]\d{6}$
哥伦比亚-移动-COCELCO3159100000-9199999,57,^31591\d{5}$
哥伦比亚-移动-TelefonicaOrigen3159200000-9299999,57,^31592\d{5}$
哥伦比亚-移动-TelefonicaCosta3159300000-9399999,57,^31593\d{5}$
哥伦比亚-移动-TelefonicaMoviles3162000000-8999999,57,^316[2-8]\d{6}$
中国-手机,86,^1[3-9]\d{9}$
